hc,wc,length,Tamb,Q,Uin,PressurePaPressureProbe3
1,0.5,30,20,1272,1,93.532
1,0.5,30,-20,3132,1,92.271
1,0.5,30,0,3132,1,96.889
1,0.5,30,20,3132,1,101.24
1,0.5,30,40,3132,1,105.3
1,0.5,30,20,5040,1,109.15
1,0.5,30,0,1272,3.25,343.41
1,0.5,30,40,1272,3.25,366.87
1,0.5,30,-20,3132,3.25,338.91
1,0.5,30,-20,5040,3.25,344.87
1,0.5,30,0,5040,3.25,358.98
1,0.5,30,-20,1272,5.5,618.67
1,0.5,30,40,1272,5.5,680.41
1,0.5,30,-20,3132,5.5,628.92
1,0.5,30,0,3132,5.5,650.29
1,0.5,30,40,3132,5.5,692.22
1,0.5,30,-20,5040,5.5,638.14
1,0.5,30,0,5040,5.5,660.02
1,0.5,30,20,5040,5.5,681.97
1,0.5,30,-20,1272,7.75,948.87
1,0.5,30,0,1272,7.75,973.51
1,0.5,30,40,1272,7.75,1025.5
1,0.5,30,-20,3132,7.75,962.06
1,0.5,30,0,3132,7.75,987.11
1,0.5,30,-20,5040,7.75,974.74
1,0.5,30,0,5040,7.75,999.88
1,0.5,30,20,5040,7.75,1026
1,0.5,30,40,5040,7.75,1052.6
1,0.5,30,20,1272,10,1378.8
1,0.5,30,40,1272,10,1408
1,0.5,30,-20,3132,10,1341.7
1,0.5,30,0,3132,10,1367.5
1,0.5,30,20,3132,10,1394.9
1,0.5,30,40,3132,10,1424
1,0.5,30,0,5040,10,1383
1,0.5,30,20,5040,10,1410.5
1,0.5,30,40,5040,10,1439.6
1,0.5,60,0,1272,1,185.5
1,0.5,60,20,1272,1,193.11
1,0.5,60,40,1272,1,200.31
1,0.5,60,20,3132,1,225.37
1,0.5,60,40,3132,1,234.22
1,0.5,60,-20,5040,1,237.29
1,0.5,60,0,5040,1,248.9
1,0.5,60,40,5040,1,270
1,0.5,60,0,1272,3.25,663.65
1,0.5,60,40,1272,3.25,715.07
1,0.5,60,-20,3132,3.25,668.4
1,0.5,60,0,3132,3.25,697.81
1,0.5,60,20,3132,3.25,726.39
1,0.5,60,40,3132,3.25,753.67
1,0.5,60,-20,5040,3.25,697.93
1,0.5,60,20,5040,3.25,761.86
1,0.5,60,40,5040,3.25,791.48
1,0.5,60,0,1272,5.5,1197.6
1,0.5,60,-20,3132,5.5,1185.5
1,0.5,60,0,3132,5.5,1236.6
1,0.5,60,20,3132,5.5,1286.7
1,0.5,60,40,3132,5.5,1334.3
1,0.5,60,-20,5040,5.5,1220.4
1,0.5,60,40,5040,5.5,1375.6
1,0.5,60,-20,1272,7.75,1716.8
1,0.5,60,0,1272,7.75,1779.4
1,0.5,60,20,1272,7.75,1843.5
1,0.5,60,40,1272,7.75,1907.1
1,0.5,60,-20,3132,7.75,1758.5
1,0.5,60,20,3132,7.75,1888.8
1,0.5,60,40,3132,7.75,1953.6
1,0.5,60,-20,5040,7.75,1799.8
1,0.5,60,0,5040,7.75,1866.3
1,0.5,60,20,5040,7.75,1933.3
1,0.5,60,40,5040,7.75,1999.3
1,0.5,60,-20,1272,10,2346
1,0.5,60,20,1272,10,2492.2
1,0.5,60,40,1272,10,2572.6
1,0.5,60,-20,3132,10,2393.4
1,0.5,60,20,3132,10,2543
1,0.5,60,-20,5040,10,2441.3
1,0.5,60,20,5040,10,2591.8
1,0.5,60,40,5040,10,2674.3
1,0.75,30,-20,1272,1,51.926
1,0.75,30,20,1272,1,56.51
1,0.75,30,20,3132,1,59.659
1,0.75,30,40,3132,1,62.142
1,0.75,30,-20,5040,1,58.565
1,0.75,30,20,5040,1,64.053
1,0.75,30,-20,1272,3.25,211.19
1,0.75,30,0,1272,3.25,217.83
1,0.75,30,20,1272,3.25,224.26
1,0.75,30,40,1272,3.25,230.32
1,0.75,30,0,3132,3.25,221.34
1,0.75,30,20,3132,3.25,228.19
1,0.75,30,40,3132,3.25,234.74
1,0.75,30,0,5040,3.25,224.22
1,0.75,30,20,5040,3.25,231.17
1,0.75,30,40,5040,3.25,238.03
1,0.75,30,-20,1272,5.5,409.51
1,0.75,30,0,1272,5.5,418.85
1,0.75,30,20,1272,5.5,428.37
1,0.75,30,40,1272,5.5,437.7
1,0.75,30,-20,3132,5.5,416.41
1,0.75,30,0,3132,5.5,425.78
1,0.75,30,20,3132,5.5,435.3
1,0.75,30,40,3132,5.5,444.73
1,0.75,30,20,5040,5.5,441.27
1,0.75,30,40,5040,5.5,450.75
1,0.75,30,-20,1272,7.75,645.51
1,0.75,30,20,1272,7.75,665.27
1,0.75,30,40,1272,7.75,676.32
1,0.75,30,0,3132,7.75,664.31
1,0.75,30,20,3132,7.75,674.81
1,0.75,30,40,3132,7.75,685.81
1,0.75,30,-20,5040,7.75,664.16
1,0.75,30,0,5040,7.75,673.29
1,0.75,30,-20,1272,10,919.25
1,0.75,30,0,1272,10,927.11
1,0.75,30,20,1272,10,936.02
1,0.75,30,40,1272,10,946.82
1,0.75,30,0,3132,10,939.05
1,0.75,30,20,3132,10,947.74
1,0.75,30,40,3132,10,958.35
1,0.75,30,-20,5040,10,942.93
1,0.75,30,20,5040,10,959.06
1,0.75,30,40,5040,10,969.4
1,0.75,60,-20,1272,1,106.08
1,0.75,60,0,1272,1,111.15
1,0.75,60,40,1272,1,120.35
1,0.75,60,-20,3132,1,119.82
1,0.75,60,0,3132,1,126.1
1,0.75,60,20,3132,1,132.04
1,0.75,60,40,3132,1,137.65
1,0.75,60,0,5040,1,144.65
1,0.75,60,-20,1272,3.25,393.11
1,0.75,60,0,1272,3.25,409.14
1,0.75,60,20,1272,3.25,424.53
1,0.75,60,40,1272,3.25,438.95
1,0.75,60,-20,3132,3.25,407.8
1,0.75,60,0,3132,3.25,425.22
1,0.75,60,-20,5040,3.25,422.61
1,0.75,60,0,5040,3.25,440.65
1,0.75,60,40,5040,3.25,475.25
1,0.75,60,-20,1272,5.5,729.21
1,0.75,60,40,1272,5.5,802.61
1,0.75,60,-20,3132,5.5,751.16
1,0.75,60,0,3132,5.5,776.75
1,0.75,60,20,3132,5.5,801.95
1,0.75,60,40,3132,5.5,826.65
1,0.75,60,-20,5040,5.5,772.02
1,0.75,60,0,5040,5.5,798.06
1,0.75,60,40,5040,5.5,849.1
1,0.75,60,-20,1272,7.75,1113.4
1,0.75,60,0,1272,7.75,1143.3
1,0.75,60,20,1272,7.75,1174.1
1,0.75,60,40,1272,7.75,1206.3
1,0.75,60,-20,3132,7.75,1141.4
1,0.75,60,20,3132,7.75,1203.2
1,0.75,60,40,3132,7.75,1235.7
1,0.75,60,20,5040,7.75,1230.9
1,0.75,60,40,5040,7.75,1263.6
1,0.75,60,-20,1272,10,1543.4
1,0.75,60,0,1272,10,1579.9
1,0.75,60,20,1272,10,1615.8
1,0.75,60,40,1272,10,1650.3
1,0.75,60,-20,3132,10,1577.6
1,0.75,60,20,3132,10,1649.8
1,0.75,60,40,3132,10,1684.5
1,0.75,60,-20,5040,10,1610.1
1,0.75,60,0,5040,10,1646.7
1,0.75,60,20,5040,10,1682.5
1,0.75,60,40,5040,10,1717.6
1,0.75,90,-20,1272,1,166.21
1,0.75,90,0,1272,1,173.68
1,0.75,90,40,1272,1,187.16
1,0.75,90,20,3132,1,220.81
1,0.75,90,40,3132,1,229.4
1,0.75,90,-20,5040,1,244.88
1,0.75,90,0,5040,1,256.27
1,0.75,90,40,5040,1,276.89
1,0.75,90,-20,1272,3.25,578.41
1,0.75,90,0,1272,3.25,604.11
1,0.75,90,20,1272,3.25,628.54
1,0.75,90,40,1272,3.25,651.31
1,0.75,90,-20,3132,3.25,615.37
1,0.75,90,0,3132,3.25,644.54
1,0.75,90,20,3132,3.25,672.11
1,0.75,90,-20,5040,3.25,652.89
1,0.75,90,-20,1272,5.5,1050.1
1,0.75,90,0,1272,5.5,1089.3
1,0.75,90,20,1272,5.5,1129
1,0.75,90,40,1272,5.5,1167.9
1,0.75,90,-20,3132,5.5,1094.9
1,0.75,90,20,3132,5.5,1179.7
1,0.75,90,40,3132,5.5,1220.9
1,0.75,90,-20,5040,5.5,1138.3
1,0.75,90,0,1272,7.75,1634.4
1,0.75,90,20,1272,7.75,1685.5
1,0.75,90,40,1272,7.75,1735.8
1,0.75,90,-20,3132,7.75,1640.4
1,0.75,90,20,3132,7.75,1743.4
1,0.75,90,40,3132,7.75,1795.4
1,0.75,90,0,5040,7.75,1744.9
1,0.75,90,20,5040,7.75,1798.9
1,0.75,90,0,1272,10,2242
1,0.75,90,20,1272,10,2303.3
1,0.75,90,40,1272,10,2361.7
1,0.75,90,0,3132,10,2307.7
1,0.75,90,20,3132,10,2368.9
1,0.75,90,40,3132,10,2428.1
1,0.75,90,20,5040,10,2431.8
1,0.75,90,40,5040,10,2492.7
1,1,30,-20,1272,1,36.794
1,1,30,0,1272,1,38.618
1,1,30,20,1272,1,40.375
1,1,30,40,1272,1,42.045
1,1,30,-20,3132,1,38.603
1,1,30,0,3132,1,40.445
1,1,30,0,5040,1,43.771
1,1,30,20,5040,1,45.62
1,1,30,40,5040,1,47.452
1,1,30,0,1272,3.25,159.45
1,1,30,40,1272,3.25,168.08
1,1,30,-20,3132,3.25,156.07
1,1,30,20,3132,3.25,164.72
1,1,30,40,3132,3.25,169.25
1,1,30,-20,5040,3.25,158.25
1,1,30,0,5040,3.25,162.11
1,1,30,-20,1272,5.5,306.38
1,1,30,0,1272,5.5,311.96
1,1,30,20,1272,5.5,317.81
1,1,30,40,1272,5.5,323.76
1,1,30,-20,3132,5.5,311.33
1,1,30,0,3132,5.5,316.55
1,1,30,20,3132,5.5,322.09
1,1,30,40,3132,5.5,327.9
1,1,30,-20,5040,5.5,316.01
1,1,30,20,5040,5.5,325.96
1,1,30,40,5040,5.5,331.45
1,1,30,-20,1272,7.75,488.95
1,1,30,0,1272,7.75,493.51
1,1,30,20,1272,7.75,499.06
1,1,30,40,1272,7.75,505.3
1,1,30,20,3132,7.75,506.52
1,1,30,-20,5040,7.75,504.55
1,1,30,0,5040,7.75,508.47
1,1,30,20,5040,7.75,513.33
1,1,30,-20,1272,10,703.94
1,1,30,20,1272,10,708.55
1,1,30,40,1272,10,713.18
1,1,30,-20,3132,10,714.45
1,1,30,0,3132,10,715.54
1,1,30,20,3132,10,718.35
1,1,30,40,3132,10,722.76
1,1,30,-20,5040,10,724.36
1,1,30,0,5040,10,725.16
1,1,30,40,5040,10,731.75
1,1,60,-20,1272,1,75.116
1,1,60,0,1272,1,79.149
1,1,60,40,1272,1,86.557
1,1,60,-20,3132,1,84.889
1,1,60,0,3132,1,89.375
1,1,60,20,3132,1,93.725
1,1,60,-20,5040,1,98.245
1,1,60,20,5040,1,107.78
1,1,60,40,5040,1,112.32
1,1,60,-20,1272,3.25,287.18
1,1,60,0,1272,3.25,298.15
1,1,60,20,1272,3.25,308.86
1,1,60,40,1272,3.25,319.16
1,1,60,-20,3132,3.25,293.94
1,1,60,0,3132,3.25,305.28
1,1,60,20,3132,3.25,316.76
1,1,60,40,3132,3.25,328.16
1,1,60,-20,5040,3.25,304.01
1,1,60,0,5040,3.25,314.94
1,1,60,20,5040,3.25,326.32
1,1,60,40,5040,3.25,337.95
1,1,60,40,1272,5.5,591.03
1,1,60,-20,3132,5.5,557.1
1,1,60,0,3132,5.5,573.15
1,1,60,0,5040,5.5,587.14
1,1,60,20,5040,5.5,603.03
1,1,60,40,5040,5.5,619.12
1,1,60,-20,1272,7.75,837.84
1,1,60,0,1272,7.75,856.25
1,1,60,20,1272,7.75,876.07
1,1,60,40,1272,7.75,896.1
1,1,60,-20,3132,7.75,859.05
1,1,60,0,3132,7.75,877.43
1,1,60,20,3132,7.75,897.12
1,1,60,40,3132,7.75,917.16
1,1,60,-20,5040,7.75,879.02
1,1,60,0,5040,7.75,897.11
1,1,60,20,5040,7.75,916.79
1,1,60,40,5040,7.75,936.64
1,1,60,-20,1272,10,1174.3
1,1,60,0,1272,10,1193.4
1,1,60,20,1272,10,1214
1,1,60,40,1272,10,1236.1
1,1,60,-20,3132,10,1201.2
1,1,60,-20,5040,10,1226.5
1,1,60,0,5040,10,1244.9
1,1,60,20,5040,10,1265.3
1,1,60,40,5040,10,1287
1,1.25,30,0,1272,1,32.394
1,1.25,30,20,1272,1,33.791
1,1.25,30,40,1272,1,35.132
1,1.25,30,-20,3132,1,32.534
1,1.25,30,0,3132,1,33.951
1,1.25,30,20,3132,1,35.365
1,1.25,30,40,3132,1,36.771
1,1.25,30,-20,5040,1,35.431
1,1.25,30,20,5040,1,38.254
1,1.25,30,-20,1272,3.25,134.52
1,1.25,30,20,1272,3.25,141.23
1,1.25,30,40,1272,3.25,144.56
1,1.25,30,-20,3132,3.25,135.68
1,1.25,30,0,3132,3.25,138.84
1,1.25,30,20,3132,3.25,142.14
1,1.25,30,40,3132,3.25,145.51
1,1.25,30,-20,5040,3.25,137.82
1,1.25,30,0,5040,3.25,140.68
1,1.25,30,20,5040,3.25,143.68
1,1.25,30,-20,1272,5.5,270.24
1,1.25,30,20,1272,5.5,277.59
1,1.25,30,40,1272,5.5,281.77
1,1.25,30,-20,3132,5.5,274.39
1,1.25,30,0,3132,5.5,277.84
1,1.25,30,40,3132,5.5,285.78
1,1.25,30,-20,5040,5.5,278.07
1,1.25,30,0,5040,5.5,281.48
1,1.25,30,20,5040,5.5,285.21
1,1.25,30,-20,1272,7.75,437.85
1,1.25,30,20,1272,7.75,441.61
1,1.25,30,40,1272,7.75,444.91
1,1.25,30,-20,3132,7.75,444.48
1,1.25,30,20,3132,7.75,448.05
1,1.25,30,40,3132,7.75,451.27
1,1.25,30,-20,5040,7.75,450.19
1,1.25,30,0,5040,7.75,451.45
1,1.25,30,20,5040,7.75,453.76
1,1.25,30,-20,1272,10,635.39
1,1.25,30,20,1272,10,634.15
1,1.25,30,-20,3132,10,644.53
1,1.25,30,0,3132,10,643.08
1,1.25,30,20,3132,10,642.68
1,1.25,30,40,3132,10,643.28
1,1.25,30,-20,5040,10,652.7
1,1.25,30,0,5040,10,651.05
1,1.25,30,20,5040,10,650.41
1,1.25,30,40,5040,10,650.86
1,1.25,60,-20,1272,1,62.342
1,1.25,60,0,1272,1,65.621
1,1.25,60,20,1272,1,68.672
1,1.25,60,-20,3132,1,70.249
1,1.25,60,20,3132,1,77.219
1,1.25,60,40,3132,1,80.523
1,1.25,60,-20,5040,1,81.396
1,1.25,60,0,5040,1,85.172
1,1.25,60,20,5040,1,88.848
1,1.25,60,40,5040,1,92.415
1,1.25,60,0,1272,3.25,252.75
1,1.25,60,20,1272,3.25,261.73
1,1.25,60,40,1272,3.25,270.29
1,1.25,60,20,3132,3.25,267.21
1,1.25,60,40,3132,3.25,276.48
1,1.25,60,-20,5040,3.25,256.39
1,1.25,60,0,5040,3.25,265.27
1,1.25,60,40,5040,3.25,283.71
1,1.25,60,-20,1272,5.5,467.49
1,1.25,60,0,1272,5.5,478.82
1,1.25,60,40,1272,5.5,503.74
1,1.25,60,-20,3132,5.5,477.96
1,1.25,60,0,3132,5.5,489.98
1,1.25,60,20,3132,5.5,502.92
1,1.25,60,40,3132,5.5,515.71
1,1.25,60,-20,5040,5.5,488.27
1,1.25,60,20,5040,5.5,513.29
1,1.25,60,-20,1272,7.75,732.93
1,1.25,60,0,1272,7.75,745.03
1,1.25,60,20,1272,7.75,757.97
1,1.25,60,40,1272,7.75,771.66
1,1.25,60,-20,3132,7.75,748.96
1,1.25,60,0,3132,7.75,761.31
1,1.25,60,20,3132,7.75,774.76
1,1.25,60,-20,5040,7.75,762.96
1,1.25,60,-20,1272,10,1031.5
1,1.25,60,0,1272,10,1047
1,1.25,60,20,1272,10,1062
1,1.25,60,40,1272,10,1076.3
1,1.25,60,-20,3132,10,1054
1,1.25,60,0,3132,10,1069.2
1,1.25,60,40,3132,10,1097.8
1,1.25,60,-20,5040,10,1073.7
1,1.25,60,0,5040,10,1088.8
1,1.25,60,40,5040,10,1117.2
1,1.5,30,-20,1272,1,27.356
1,1.5,30,0,1272,1,28.617
1,1.5,30,20,1272,1,29.825
1,1.5,30,40,1272,1,30.984
1,1.5,30,-20,3132,1,28.781
1,1.5,30,20,3132,1,31.159
1,1.5,30,40,3132,1,32.342
1,1.5,30,-20,5040,1,31.412
1,1.5,30,0,5040,1,32.581
1,1.5,30,40,5040,1,34.944
1,1.5,30,-20,1272,3.25,121.98
1,1.5,30,20,1272,3.25,127.57
1,1.5,30,40,1272,3.25,130.42
1,1.5,30,-20,3132,3.25,122.68
1,1.5,30,0,3132,3.25,125.22
1,1.5,30,20,3132,3.25,127.94
1,1.5,30,40,3132,3.25,130.76
1,1.5,30,0,5040,3.25,126.7
1,1.5,30,40,5040,3.25,131.69
1,1.5,30,0,1272,5.5,250.44
1,1.5,30,-20,3132,5.5,251.54
1,1.5,30,0,3132,5.5,253.93
1,1.5,30,-20,5040,5.5,254.53
1,1.5,30,0,5040,5.5,256.94
1,1.5,30,20,5040,5.5,259.69
1,1.5,30,0,1272,7.75,405.54
1,1.5,30,-20,3132,7.75,411.33
1,1.5,30,20,3132,7.75,412.08
1,1.5,30,40,3132,7.75,413.82
1,1.5,30,-20,5040,7.75,416.06
1,1.5,30,0,5040,7.75,416.03
1,1.5,30,0,1272,10,588.47
1,1.5,30,20,1272,10,587.12
1,1.5,30,40,1272,10,586.42
1,1.5,30,-20,3132,10,599.31
1,1.5,30,0,3132,10,596.55
1,1.5,30,20,3132,10,595
1,1.5,30,40,3132,10,594.01
1,1.5,30,-20,5040,10,606.44
1,1.5,30,0,5040,10,603.56
1,1.5,30,20,5040,10,601.83
1,1.5,30,40,5040,10,600.67
1.25,0.5,30,0,1272,1,72.702
1.25,0.5,30,40,1272,1,78.429
1.25,0.5,30,-20,3132,1,74.118
1.25,0.5,30,-20,5040,1,78.955
1.25,0.5,30,20,5040,1,86.826
1.25,0.5,30,-20,1272,3.25,267.53
1.25,0.5,30,0,1272,3.25,277.31
1.25,0.5,30,40,1272,3.25,296.59
1.25,0.5,30,-20,3132,3.25,273.38
1.25,0.5,30,20,3132,3.25,294.25
1.25,0.5,30,0,5040,3.25,289.47
1.25,0.5,30,20,5040,3.25,300.53
1.25,0.5,30,40,5040,3.25,311.18
1.25,0.5,30,-20,1272,5.5,498.88
1.25,0.5,30,0,1272,5.5,515.99
1.25,0.5,30,20,1272,5.5,533.23
1.25,0.5,30,40,3132,5.5,558.64
1.25,0.5,30,0,5040,5.5,531.72
1.25,0.5,30,20,5040,5.5,549.66
1.25,0.5,30,40,5040,5.5,566.86
1.25,0.5,30,0,1272,7.75,783.54
1.25,0.5,30,40,1272,7.75,826.98
1.25,0.5,30,-20,3132,7.75,772.96
1.25,0.5,30,0,3132,7.75,793.44
1.25,0.5,30,20,3132,7.75,815.36
1.25,0.5,30,40,3132,7.75,837.05
1.25,0.5,30,-20,5040,7.75,782.17
1.25,0.5,30,0,5040,7.75,803.23
1.25,0.5,30,20,5040,7.75,824.9
1.25,0.5,30,40,5040,7.75,846.78
1.25,0.5,30,-20,1272,10,1064.2
1.25,0.5,30,0,1272,10,1085.2
1.25,0.5,30,20,1272,10,1108.8
1.25,0.5,30,40,1272,10,1133.1
1.25,0.5,30,-20,3132,10,1075.6
1.25,0.5,30,0,3132,10,1096.8
1.25,0.5,30,20,3132,10,1120.3
1.25,0.5,30,40,3132,10,1144.6
1.25,0.5,30,-20,5040,10,1086.8
1.25,0.5,30,0,5040,10,1108
1.25,0.5,30,20,5040,10,1131.5
1.25,0.5,30,40,5040,10,1155.8
1.25,0.75,30,-20,1272,1,39.014
1.25,0.75,30,0,1272,1,40.806
1.25,0.75,30,-20,3132,1,40.479
1.25,0.75,30,0,3132,1,42.462
1.25,0.75,30,20,3132,1,44.391
1.25,0.75,30,40,3132,1,46.257
1.25,0.75,30,-20,5040,1,43.194
1.25,0.75,30,0,5040,1,45.228
1.25,0.75,30,40,5040,1,49.169
1.25,0.75,30,-20,1272,3.25,159
1.25,0.75,30,0,1272,3.25,164.06
1.25,0.75,30,20,1272,3.25,169
1.25,0.75,30,40,1272,3.25,173.69
1.25,0.75,30,-20,3132,3.25,160.43
1.25,0.75,30,0,3132,3.25,165.78
1.25,0.75,30,0,5040,3.25,167.36
1.25,0.75,30,40,1272,5.5,329.93
1.25,0.75,30,-20,3132,5.5,312.4
1.25,0.75,30,0,3132,5.5,319.43
1.25,0.75,30,20,3132,5.5,326.74
1.25,0.75,30,40,3132,5.5,334.12
1.25,0.75,30,0,5040,5.5,322.84
1.25,0.75,30,20,5040,5.5,330.16
1.25,0.75,30,40,5040,5.5,337.55
1.25,0.75,30,-20,1272,7.75,486.95
1.25,0.75,30,0,1272,7.75,493.55
1.25,0.75,30,20,1272,7.75,501.18
1.25,0.75,30,-20,3132,7.75,493.18
1.25,0.75,30,20,3132,7.75,507.26
1.25,0.75,30,40,3132,7.75,515.34
1.25,0.75,30,-20,5040,7.75,498.64
1.25,0.75,30,0,5040,7.75,505.19
1.25,0.75,30,20,5040,7.75,512.68
1.25,0.75,30,40,5040,7.75,520.72
1.25,0.75,30,0,1272,10,700.04
1.25,0.75,30,40,1272,10,713.33
1.25,0.75,30,20,3132,10,713.73
1.25,0.75,30,40,3132,10,720.98
1.25,0.75,30,-20,5040,10,710.14
1.25,0.75,30,40,5040,10,728.06
1.25,0.75,60,-20,1272,1,78.827
1.25,0.75,60,0,1272,1,82.608
1.25,0.75,60,20,1272,1,86.156
1.25,0.75,60,40,1272,1,89.522
1.25,0.75,60,-20,3132,1,87.155
1.25,0.75,60,0,3132,1,91.749
1.25,0.75,60,20,3132,1,96.102
1.25,0.75,60,-20,5040,1,98.538
1.25,0.75,60,0,5040,1,103.55
1.25,0.75,60,40,5040,1,112.88
1.25,0.75,60,20,1272,3.25,318.65
1.25,0.75,60,40,1272,3.25,329.76
1.25,0.75,60,-20,3132,3.25,300.02
1.25,0.75,60,0,3132,3.25,314.03
1.25,0.75,60,20,3132,3.25,327.46
1.25,0.75,60,40,3132,3.25,340
1.25,0.75,60,0,5040,3.25,321.71
1.25,0.75,60,20,5040,3.25,335.77
1.25,0.75,60,40,5040,3.25,349.17
1.25,0.75,60,-20,1272,5.5,545.09
1.25,0.75,60,0,1272,5.5,563.92
1.25,0.75,60,40,1272,5.5,602.12
1.25,0.75,60,-20,3132,5.5,555.71
1.25,0.75,60,0,3132,5.5,575.52
1.25,0.75,60,20,3132,5.5,595.6
1.25,0.75,60,40,3132,5.5,615.37
1.25,0.75,60,0,5040,5.5,585.44
1.25,0.75,60,20,5040,5.5,606.07
1.25,0.75,60,40,5040,5.5,626.59
1.25,0.75,60,-20,1272,7.75,832.01
1.25,0.75,60,0,1272,7.75,854.81
1.25,0.75,60,20,1272,7.75,877.08
1.25,0.75,60,-20,3132,7.75,847.92
1.25,0.75,60,0,3132,7.75,871.22
1.25,0.75,60,20,3132,7.75,894.19
1.25,0.75,60,0,5040,7.75,885.74
1.25,0.75,60,20,5040,7.75,909.48
1.25,0.75,60,-20,1272,10,1152.4
1.25,0.75,60,0,1272,10,1179.5
1.25,0.75,60,40,1272,10,1233.6
1.25,0.75,60,-20,3132,10,1173.6
1.25,0.75,60,0,3132,10,1200.7
1.25,0.75,60,20,3132,10,1227.9
1.25,0.75,60,40,3132,10,1254.6
1.25,0.75,60,40,5040,10,1274.1
1.25,0.75,90,-20,1272,1,122.59
1.25,0.75,90,0,1272,1,128.47
1.25,0.75,90,20,1272,1,134.02
1.25,0.75,90,40,1272,1,139.27
1.25,0.75,90,0,3132,1,152.23
1.25,0.75,90,20,3132,1,159.26
1.25,0.75,90,-20,5040,1,172.35
1.25,0.75,90,0,5040,1,180.82
1.25,0.75,90,20,5040,1,188.79
1.25,0.75,90,40,5040,1,196.26
1.25,0.75,90,40,1272,3.25,490.63
1.25,0.75,90,-20,3132,3.25,453.06
1.25,0.75,90,0,3132,3.25,475.86
1.25,0.75,90,-20,5040,3.25,474.06
1.25,0.75,90,0,5040,3.25,498.38
1.25,0.75,90,40,5040,3.25,543.09
1.25,0.75,90,-20,1272,5.5,787.71
1.25,0.75,90,0,1272,5.5,818.46
1.25,0.75,90,20,1272,5.5,850.11
1.25,0.75,90,40,1272,5.5,880.92
1.25,0.75,90,0,3132,5.5,846.03
1.25,0.75,90,40,3132,5.5,911.91
1.25,0.75,90,40,5040,5.5,940.36
1.25,0.75,90,-20,1272,7.75,1182.8
1.25,0.75,90,0,1272,7.75,1219.8
1.25,0.75,90,20,1272,7.75,1262.4
1.25,0.75,90,40,1272,7.75,1302.6
1.25,0.75,90,0,3132,7.75,1254.8
1.25,0.75,90,20,3132,7.75,1298.2
1.25,0.75,90,40,3132,7.75,1339.7
1.25,0.75,90,0,5040,7.75,1286.8
1.25,0.75,90,20,5040,7.75,1331.5
1.25,0.75,90,40,5040,7.75,1373.9
1.25,0.75,90,-20,1272,10,1616.8
1.25,0.75,90,0,1272,10,1665.3
1.25,0.75,90,20,1272,10,1713.2
1.25,0.75,90,40,1272,10,1758.3
1.25,0.75,90,0,3132,10,1706.9
1.25,0.75,90,20,3132,10,1755.6
1.25,0.75,90,40,3132,10,1801.8
1.25,0.75,90,-20,5040,10,1696.3
1.25,0.75,90,0,5040,10,1746.1
1.25,0.75,90,20,5040,10,1795.2
1.25,0.75,90,40,5040,10,1842.8
1.25,1,30,-20,1272,1,26.348
1.25,1,30,20,1272,1,28.978
1.25,1,30,40,1272,1,30.227
1.25,1,30,0,3132,1,28.863
1.25,1,30,20,3132,1,30.136
1.25,1,30,-20,5040,1,29.775
1.25,1,30,0,5040,1,31.043
1.25,1,30,20,5040,1,32.31
1.25,1,30,-20,1272,3.25,111.49
1.25,1,30,0,1272,3.25,114.68
1.25,1,30,40,1272,3.25,121.23
1.25,1,30,0,3132,3.25,114.84
1.25,1,30,20,3132,3.25,117.99
1.25,1,30,40,3132,3.25,121.24
1.25,1,30,-20,5040,3.25,113.5
1.25,1,30,0,5040,3.25,116.21
1.25,1,30,20,5040,3.25,119.12
1.25,1,30,40,5040,3.25,122.18
1.25,1,30,-20,1272,5.5,221.01
1.25,1,30,0,1272,5.5,225.1
1.25,1,30,40,1272,5.5,233.78
1.25,1,30,-20,3132,5.5,224.07
1.25,1,30,0,3132,5.5,227.71
1.25,1,30,20,3132,5.5,231.62
1.25,1,30,40,3132,5.5,235.72
1.25,1,30,-20,5040,5.5,227.2
1.25,1,30,0,5040,5.5,230.46
1.25,1,30,40,5040,5.5,237.72
1.25,1,30,-20,1272,7.75,352.36
1.25,1,30,0,1272,7.75,355.79
1.25,1,30,20,1272,7.75,359.93
1.25,1,30,40,1272,7.75,364.58
1.25,1,30,-20,3132,7.75,358
1.25,1,30,0,3132,7.75,361.07
1.25,1,30,20,3132,7.75,364.81
1.25,1,30,40,3132,7.75,369.07
1.25,1,30,-20,5040,7.75,363.24
1.25,1,30,0,5040,7.75,365.94
1.25,1,30,20,5040,7.75,369.26
1.25,1,30,40,5040,7.75,373.1
1.25,1,30,20,1272,10,510.18
1.25,1,30,40,1272,10,513.84
1.25,1,30,-20,3132,10,513.85
1.25,1,30,0,3132,10,514.77
1.25,1,30,-20,5040,10,520.91
1.25,1,30,0,5040,10,521.57
1.25,1,30,20,5040,10,523.52
1.25,1,30,40,5040,10,526.47
1.25,1,60,0,1272,1,55.894
1.25,1,60,20,1272,1,58.775
1.25,1,60,40,1272,1,61.491
1.25,1,60,-20,3132,1,58.997
1.25,1,60,0,3132,1,62.11
1.25,1,60,20,3132,1,65.163
1.25,1,60,-20,5040,1,67.391
1.25,1,60,0,5040,1,70.679
1.25,1,60,20,5040,1,73.9
1.25,1,60,40,5040,1,77.024
1.25,1,60,-20,1272,3.25,202.63
1.25,1,60,40,1272,3.25,227.3
1.25,1,60,-20,3132,3.25,205.28
1.25,1,60,0,3132,3.25,213.52
1.25,1,60,20,3132,3.25,221.98
1.25,1,60,-20,5040,3.25,211.82
1.25,1,60,0,5040,3.25,219.63
1.25,1,60,20,5040,3.25,227.76
1.25,1,60,40,5040,3.25,236.02
1.25,1,60,-20,1272,5.5,382.88
1.25,1,60,0,1272,5.5,395.33
1.25,1,60,20,1272,5.5,407.75
1.25,1,60,-20,3132,5.5,389.79
1.25,1,60,0,3132,5.5,401.66
1.25,1,60,20,3132,5.5,413.78
1.25,1,60,40,3132,5.5,425.98
1.25,1,60,-20,5040,5.5,398.37
1.25,1,60,0,5040,5.5,409.44
1.25,1,60,20,5040,5.5,420.83
1.25,1,60,0,1272,7.75,603.55
1.25,1,60,20,1272,7.75,618.87
1.25,1,60,40,3132,7.75,645.23
1.25,1,60,-20,5040,7.75,613.02
1.25,1,60,0,5040,7.75,626.66
1.25,1,60,20,5040,7.75,640.83
1.25,1,60,40,5040,7.75,655.27
1.25,1,60,0,1272,10,837.11
1.25,1,60,20,1272,10,853.44
1.25,1,60,40,1272,10,870.48
1.25,1,60,0,3132,10,853.21
1.25,1,60,20,3132,10,869.21
1.25,1,60,40,3132,10,886
1.25,1,60,0,5040,10,868.4
1.25,1,60,20,5040,10,883.94
1.25,1,60,40,5040,10,900.24
1.25,1,90,20,1272,1,93.322
1.25,1,90,40,1272,1,97.36
1.25,1,90,-20,3132,1,99.754
1.25,1,90,0,3132,1,104.98
1.25,1,90,20,3132,1,110
1.25,1,90,40,3132,1,114.79
1.25,1,90,-20,5040,1,119.4
1.25,1,90,0,5040,1,125.19
1.25,1,90,20,5040,1,130.76
1.25,1,90,-20,1272,3.25,308.31
1.25,1,90,20,1272,3.25,334.51
1.25,1,90,0,3132,3.25,333.93
1.25,1,90,20,3132,3.25,347.81
1.25,1,90,40,3132,3.25,361.36
1.25,1,90,0,5040,3.25,349.75
1.25,1,90,20,5040,3.25,363.77
1.25,1,90,-20,1272,5.5,570.21
1.25,1,90,20,1272,5.5,610.72
1.25,1,90,40,1272,5.5,630.38
1.25,1,90,-20,3132,5.5,588.83
1.25,1,90,20,3132,5.5,630.1
1.25,1,90,20,5040,5.5,649.36
1.25,1,90,40,5040,5.5,669.71
1.25,1,90,0,1272,7.75,890.59
1.25,1,90,20,1272,7.75,916.02
1.25,1,90,-20,3132,7.75,891.08
1.25,1,90,0,3132,7.75,916.71
1.25,1,90,40,3132,7.75,968.97
1.25,1,90,-20,5040,7.75,915.97
1.25,1,90,0,5040,7.75,941.84
1.25,1,90,20,5040,7.75,967.66
1.25,1,90,40,5040,7.75,994.13
1.25,1,90,-20,1272,10,1192.8
1.25,1,90,0,1272,10,1222.6
1.25,1,90,20,1272,10,1253
1.25,1,90,-20,3132,10,1225.2
1.25,1,90,40,3132,10,1315.8
1.25,1,90,-20,5040,10,1255.7
1.25,1,90,20,5040,10,1316.3
1.25,1.25,30,-20,1272,1,21.248
1.25,1.25,30,0,1272,1,22.239
1.25,1.25,30,20,1272,1,23.226
1.25,1.25,30,40,1272,1,24.192
1.25,1.25,30,-20,3132,1,22.393
1.25,1.25,30,0,3132,1,23.311
1.25,1.25,30,40,3132,1,25.164
1.25,1.25,30,-20,5040,1,24.279
1.25,1.25,30,0,5040,1,25.18
1.25,1.25,30,20,5040,1,26.091
1.25,1.25,30,40,5040,1,27.004
1.25,1.25,30,-20,3132,3.25,94.541
1.25,1.25,30,0,3132,3.25,96.445
1.25,1.25,30,20,3132,3.25,98.457
1.25,1.25,30,40,3132,3.25,100.56
1.25,1.25,30,-20,5040,3.25,96.223
1.25,1.25,30,0,5040,3.25,97.897
1.25,1.25,30,20,5040,3.25,99.682
1.25,1.25,30,40,5040,3.25,101.58
1.25,1.25,30,20,1272,5.5,194.74
1.25,1.25,30,40,1272,5.5,197.44
1.25,1.25,30,-20,3132,5.5,192.7
1.25,1.25,30,40,3132,5.5,199.5
1.25,1.25,30,0,5040,5.5,197.51
1.25,1.25,30,20,5040,5.5,199.52
1.25,1.25,30,-20,1272,7.75,306.8
1.25,1.25,30,40,1272,7.75,312.31
1.25,1.25,30,-20,3132,7.75,311.67
1.25,1.25,30,0,3132,7.75,312.64
1.25,1.25,30,20,3132,7.75,314.29
1.25,1.25,30,40,3132,7.75,316.45
1.25,1.25,30,-20,5040,7.75,316.16
1.25,1.25,30,0,5040,7.75,317
1.25,1.25,30,40,5040,7.75,320.32
1.25,1.25,30,-20,1272,10,445.29
1.25,1.25,30,40,1272,10,444.83
1.25,1.25,30,20,3132,10,449.92
1.25,1.25,30,40,3132,10,450.61
1.25,1.25,30,-20,5040,10,457.67
1.25,1.25,30,0,5040,10,456.07
1.25,1.25,30,20,5040,10,455.57
1.25,1.25,30,40,5040,10,456.03
1.25,1.25,60,-20,1272,1,42.163
1.25,1.25,60,0,1272,1,44.472
1.25,1.25,60,40,1272,1,48.891
1.25,1.25,60,-20,3132,1,47.199
1.25,1.25,60,0,3132,1,49.517
1.25,1.25,60,20,3132,1,51.816
1.25,1.25,60,40,3132,1,54.077
1.25,1.25,60,20,5040,1,58.917
1.25,1.25,60,-20,1272,3.25,167.7
1.25,1.25,60,20,1272,3.25,179.82
1.25,1.25,60,40,1272,3.25,185.69
1.25,1.25,60,-20,3132,3.25,170.5
1.25,1.25,60,0,3132,3.25,176.13
1.25,1.25,60,20,3132,3.25,181.95
1.25,1.25,60,0,5040,3.25,181.51
1.25,1.25,60,20,5040,3.25,186.89
1.25,1.25,60,20,1272,5.5,339.84
1.25,1.25,60,40,1272,5.5,348.74
1.25,1.25,60,20,3132,5.5,346.16
1.25,1.25,60,40,3132,5.5,354.63
1.25,1.25,60,-20,5040,5.5,337.65
1.25,1.25,60,0,5040,5.5,345.41
1.25,1.25,60,20,5040,5.5,353.02
1.25,1.25,60,40,5040,5.5,360.94
1.25,1.25,60,-20,1272,7.75,502.06
1.25,1.25,60,-20,3132,7.75,513.36
1.25,1.25,60,0,3132,7.75,522.86
1.25,1.25,60,20,3132,7.75,532.95
1.25,1.25,60,40,3132,7.75,543.45
1.25,1.25,60,-20,5040,7.75,524.18
1.25,1.25,60,20,5040,7.75,543.13
1.25,1.25,60,40,5040,7.75,553.27
1.25,1.25,60,-20,1272,10,706.56
1.25,1.25,60,20,1272,10,726.97
1.25,1.25,60,40,1272,10,738.17
1.25,1.25,60,-20,3132,10,721.61
1.25,1.25,60,0,3132,10,731.08
1.25,1.25,60,20,3132,10,741.3
1.25,1.25,60,-20,5040,10,735.55
1.25,1.25,60,0,5040,10,744.75
1.25,1.25,60,20,5040,10,754.79
1.25,1.25,60,40,5040,10,765.5
1.25,1.25,90,-20,1272,1,64.277
1.25,1.25,90,0,1272,1,67.948
1.25,1.25,90,-20,3132,1,76.55
1.25,1.25,90,20,3132,1,84.384
1.25,1.25,90,40,3132,1,88.124
1.25,1.25,90,40,5040,1,104.83
1.25,1.25,90,-20,1272,3.25,237.49
1.25,1.25,90,20,1272,3.25,258.1
1.25,1.25,90,-20,3132,3.25,244.61
1.25,1.25,90,20,3132,3.25,264.72
1.25,1.25,90,0,5040,3.25,267.43
1.25,1.25,90,20,5040,3.25,277.17
1.25,1.25,90,-20,1272,5.5,446.62
1.25,1.25,90,0,1272,5.5,461.54
1.25,1.25,90,20,1272,5.5,476.57
1.25,1.25,90,40,1272,5.5,491.33
1.25,1.25,90,0,3132,5.5,472.97
1.25,1.25,90,20,3132,5.5,487.5
1.25,1.25,90,40,3132,5.5,502.2
1.25,1.25,90,0,5040,5.5,487.65
1.25,1.25,90,0,1272,7.75,701.84
1.25,1.25,90,20,1272,7.75,720.42
1.25,1.25,90,40,1272,7.75,739.42
1.25,1.25,90,-20,3132,7.75,702.89
1.25,1.25,90,0,3132,7.75,720.39
1.25,1.25,90,40,3132,7.75,757.38
1.25,1.25,90,-20,5040,7.75,722.24
1.25,1.25,90,0,5040,7.75,739.1
1.25,1.25,90,20,5040,7.75,756.69
1.25,1.25,90,40,5040,7.75,774.8
1.25,1.25,90,-20,1272,10,949.22
1.25,1.25,90,0,1272,10,969.83
1.25,1.25,90,-20,3132,10,975.33
1.25,1.25,90,20,3132,10,1015.2
1.25,1.25,90,-20,5040,10,999.64
1.25,1.25,90,0,5040,10,1018.5
1.25,1.25,90,20,5040,10,1038.3
1.25,1.5,30,-20,1272,1,18.649
1.25,1.5,30,0,1272,1,19.473
1.25,1.5,30,40,1272,1,21.136
1.25,1.5,30,-20,3132,1,19.665
1.25,1.5,30,20,3132,1,21.148
1.25,1.5,30,-20,5040,1,21.367
1.25,1.5,30,0,5040,1,22.073
1.25,1.5,30,20,5040,1,22.798
1.25,1.5,30,40,5040,1,23.535
1.25,1.5,30,-20,1272,3.25,85.35
1.25,1.5,30,0,1272,3.25,87.077
1.25,1.5,30,40,1272,3.25,90.67
1.25,1.5,30,-20,3132,3.25,86.013
1.25,1.5,30,20,3132,3.25,88.875
1.25,1.5,30,40,3132,3.25,90.467
1.25,1.5,30,-20,5040,3.25,87.594
1.25,1.5,30,0,5040,3.25,88.701
1.25,1.5,30,20,5040,3.25,89.916
1.25,1.5,30,40,5040,3.25,91.268
1.25,1.5,30,-20,1272,5.5,174.07
1.25,1.5,30,0,1272,5.5,175.92
1.25,1.5,30,20,1272,5.5,177.96
1.25,1.5,30,40,1272,5.5,180.11
1.25,1.5,30,0,3132,5.5,178.41
1.25,1.5,30,40,3132,5.5,182.05
1.25,1.5,30,-20,5040,5.5,179.48
1.25,1.5,30,0,5040,5.5,180.92
1.25,1.5,30,-20,1272,7.75,282.68
1.25,1.5,30,0,1272,7.75,283.26
1.25,1.5,30,40,1272,7.75,286.32
1.25,1.5,30,-20,3132,7.75,287.01
1.25,1.5,30,0,3132,7.75,287.49
1.25,1.5,30,20,3132,7.75,288.59
1.25,1.5,30,20,5040,7.75,292.38
1.25,1.5,30,40,5040,7.75,293.76
1.25,1.5,30,20,1272,10,408.93
1.25,1.5,30,40,1272,10,409.16
1.25,1.5,30,40,3132,10,414.41
1.25,1.5,30,-20,5040,10,422.36
1.25,1.5,30,0,5040,10,420.42
1.25,1.5,30,20,5040,10,419.46
1.25,1.5,60,-20,1272,1,36.286
1.25,1.5,60,0,1272,1,38.216
1.25,1.5,60,20,1272,1,40.108
1.25,1.5,60,40,1272,1,41.938
1.25,1.5,60,-20,3132,1,40.679
1.25,1.5,60,0,3132,1,42.587
1.25,1.5,60,-20,5040,1,46.716
1.25,1.5,60,0,5040,1,48.693
1.25,1.5,60,20,5040,1,50.667
1.25,1.5,60,40,5040,1,52.623
1.25,1.5,60,-20,1272,3.25,148.21
1.25,1.5,60,40,1272,3.25,162.85
1.25,1.5,60,20,3132,3.25,159.59
1.25,1.5,60,0,5040,3.25,159.78
1.25,1.5,60,40,5040,3.25,168.29
1.25,1.5,60,-20,1272,5.5,288.85
1.25,1.5,60,0,1272,5.5,295.51
1.25,1.5,60,20,1272,5.5,302.13
1.25,1.5,60,40,1272,5.5,309.18
1.25,1.5,60,-20,3132,5.5,294.82
1.25,1.5,60,-20,5040,5.5,301.5
1.25,1.5,60,0,5040,5.5,307.59
1.25,1.5,60,-20,1272,7.75,454.75
1.25,1.5,60,0,1272,7.75,461.44
1.25,1.5,60,20,1272,7.75,468.81
1.25,1.5,60,40,1272,7.75,476.75
1.25,1.5,60,-20,3132,7.75,464.18
1.25,1.5,60,0,3132,7.75,470.8
1.25,1.5,60,-20,5040,7.75,473.05
1.25,1.5,60,20,5040,7.75,486.86
1.25,1.5,60,20,1272,10,658.33
1.25,1.5,60,40,1272,10,665.8
1.25,1.5,60,-20,3132,10,657.99
1.25,1.5,60,-20,5040,10,669.68
1.25,1.5,60,0,5040,10,675.64
1.25,1.5,60,20,5040,10,682.25
1.25,1.5,90,-20,1272,1,55.706
1.25,1.5,90,0,1272,1,58.763
1.25,1.5,90,0,3132,1,69.491
1.25,1.5,90,20,3132,1,72.692
1.25,1.5,90,40,3132,1,75.815
1.25,1.5,90,-20,5040,1,79.739
1.25,1.5,90,0,5040,1,83.308
1.25,1.5,90,20,5040,1,86.803
1.25,1.5,90,-20,1272,3.25,214.46
1.25,1.5,90,40,1272,3.25,238.43
1.25,1.5,90,-20,3132,3.25,220.86
1.25,1.5,90,0,3132,3.25,228.49
1.25,1.5,90,40,3132,3.25,244.53
1.25,1.5,90,-20,5040,3.25,232.63
1.25,1.5,90,0,5040,3.25,239.58
1.25,1.5,90,20,5040,3.25,246.97
1.25,1.5,90,20,1272,5.5,430.9
1.25,1.5,90,40,1272,5.5,442.96
1.25,1.5,90,-20,3132,5.5,419.78
1.25,1.5,90,0,3132,5.5,431.37
1.25,1.5,90,20,3132,5.5,443.32
1.25,1.5,90,-20,5040,5.5,433.07
1.25,1.5,90,0,5040,5.5,444.25
1.25,1.5,90,20,5040,5.5,456.04
1.25,1.5,90,40,5040,5.5,467.85
1.25,1.5,90,-20,1272,7.75,631.81
1.25,1.5,90,0,1272,7.75,644.91
1.25,1.5,90,20,1272,7.75,658.68
1.25,1.5,90,40,1272,7.75,672.33
1.25,1.5,90,-20,3132,7.75,648.94
1.25,1.5,90,0,3132,7.75,662.61
1.25,1.5,90,-20,5040,7.75,665.06
1.25,1.5,90,20,5040,7.75,693.63
1.25,1.5,90,40,5040,7.75,708.56
1.25,1.5,90,-20,1272,10,884.18
1.25,1.5,90,0,1272,10,899.31
1.25,1.5,90,20,1272,10,914.45
1.25,1.5,90,40,1272,10,929.58
1.25,1.5,90,-20,3132,10,906.76
1.25,1.5,90,0,3132,10,922.15
1.25,1.5,90,20,3132,10,937.49
1.25,1.5,90,40,3132,10,952.91
1.25,1.5,90,-20,5040,10,927.1
1.25,1.5,90,40,5040,10,974.09
1.5,0.5,30,0,1272,1,63.301
1.5,0.5,30,20,1272,1,65.904
1.5,0.5,30,40,1272,1,68.394
1.5,0.5,30,-20,3132,1,64.132
1.5,0.5,30,0,3132,1,67.318
1.5,0.5,30,20,3132,1,70.33
1.5,0.5,30,-20,5040,1,67.805
1.5,0.5,30,0,5040,1,71.3
1.5,0.5,30,40,5040,1,77.746
1.5,0.5,30,-20,1272,3.25,232.33
1.5,0.5,30,-20,3132,3.25,237.15
1.5,0.5,30,0,3132,3.25,246.48
1.5,0.5,30,40,3132,3.25,263.88
1.5,0.5,30,-20,5040,3.25,241.11
1.5,0.5,30,0,5040,3.25,251.02
1.5,0.5,30,40,5040,3.25,269.38
1.5,0.5,30,-20,1272,5.5,433.53
1.5,0.5,30,0,1272,5.5,448.67
1.5,0.5,30,20,1272,5.5,463.66
1.5,0.5,30,-20,3132,5.5,439.67
1.5,0.5,30,0,3132,5.5,455.14
1.5,0.5,30,40,3132,5.5,484.35
1.5,0.5,30,-20,5040,5.5,445.3
1.5,0.5,30,0,5040,5.5,461.11
1.5,0.5,30,20,5040,5.5,476.59
1.5,0.5,30,40,5040,5.5,490.83
1.5,0.5,30,-20,1272,7.75,662.29
1.5,0.5,30,0,1272,7.75,680.35
1.5,0.5,30,-20,3132,7.75,669.74
1.5,0.5,30,0,3132,7.75,688.01
1.5,0.5,30,20,3132,7.75,707.38
1.5,0.5,30,0,5040,7.75,695.31
1.5,0.5,30,20,5040,7.75,714.84
1.5,0.5,30,20,1272,10,961.72
1.5,0.5,30,40,1272,10,983.37
1.5,0.5,30,-20,3132,10,930.47
1.5,0.5,30,0,3132,10,949.47
1.5,0.5,30,20,3132,10,970.57
1.5,0.5,30,40,3132,10,992.21
1.5,0.5,30,0,5040,10,958.09
1.5,0.5,30,40,5040,10,1000.9
1.5,0.5,90,-20,1272,1,191.69
1.5,0.5,90,0,1272,1,200.41
1.5,0.5,90,20,1272,1,208.73
1.5,0.5,90,40,1272,1,216.73
1.5,0.5,90,-20,3132,1,228.04
1.5,0.5,90,0,3132,1,238.84
1.5,0.5,90,20,3132,1,249.03
1.5,0.5,90,40,3132,1,258.72
1.5,0.5,90,-20,5040,1,267.54
1.5,0.5,90,0,5040,1,280.11
1.5,0.5,90,20,5040,1,291.94
1.5,0.5,90,40,5040,1,303.14
1.5,0.5,90,0,1272,3.25,698.85
1.5,0.5,90,20,1272,3.25,727.76
1.5,0.5,90,-20,3132,3.25,709.55
1.5,0.5,90,20,3132,3.25,773.3
1.5,0.5,90,40,3132,3.25,801.55
1.5,0.5,90,-20,5040,3.25,749.95
1.5,0.5,90,0,5040,3.25,785.49
1.5,0.5,90,20,5040,3.25,818.92
1.5,0.5,90,40,1272,5.5,1351.7
1.5,0.5,90,-20,3132,5.5,1238.5
1.5,0.5,90,0,3132,5.5,1295.9
1.5,0.5,90,20,3132,5.5,1351.5
1.5,0.5,90,40,3132,5.5,1401.8
1.5,0.5,90,0,5040,5.5,1343.2
1.5,0.5,90,20,5040,5.5,1400.9
1.5,0.5,90,40,5040,5.5,1452.6
1.5,0.5,90,-20,1272,7.75,1762.7
1.5,0.5,90,20,1272,7.75,1909
1.5,0.5,90,40,1272,7.75,1980.8
1.5,0.5,90,0,3132,7.75,1886.7
1.5,0.5,90,20,3132,7.75,1961.8
1.5,0.5,90,-20,5040,7.75,1860.2
1.5,0.5,90,0,5040,7.75,1937.7
1.5,0.5,90,20,5040,7.75,2014.7
1.5,0.5,90,40,5040,7.75,2089.7
1.5,0.5,90,-20,1272,10,2383.6
1.5,0.5,90,0,1272,10,2471.5
1.5,0.5,90,40,1272,10,2650.3
1.5,0.5,90,-20,3132,10,2436.8
1.5,0.5,90,0,3132,10,2526.6
1.5,0.5,90,20,3132,10,2618.2
1.5,0.5,90,40,3132,10,2708.1
1.5,0.5,90,0,5040,10,2582
1.5,0.5,90,20,5040,10,2675.1
1.5,0.5,90,40,5040,10,2766.3
1.5,0.75,30,-20,1272,1,32.506
1.5,0.75,30,0,1272,1,33.985
1.5,0.75,30,20,1272,1,35.404
1.5,0.75,30,40,1272,1,36.763
1.5,0.75,30,-20,3132,1,33.394
1.5,0.75,30,0,3132,1,35.054
1.5,0.75,30,20,3132,1,36.663
1.5,0.75,30,40,3132,1,38.222
1.5,0.75,30,-20,5040,1,35.282
1.5,0.75,30,20,5040,1,38.647
1.5,0.75,30,-20,1272,3.25,131.92
1.5,0.75,30,0,1272,3.25,136.4
1.5,0.75,30,20,1272,3.25,140.6
1.5,0.75,30,40,1272,3.25,144.57
1.5,0.75,30,-20,3132,3.25,132.6
1.5,0.75,30,0,3132,3.25,137.3
1.5,0.75,30,20,3132,3.25,141.77
1.5,0.75,30,40,3132,3.25,146.1
1.5,0.75,30,-20,5040,3.25,133.33
1.5,0.75,30,0,5040,3.25,138.03
1.5,0.75,30,20,5040,3.25,142.58
1.5,0.75,30,0,1272,5.5,260.3
1.5,0.75,30,20,1272,5.5,266.7
1.5,0.75,30,40,1272,5.5,273.21
1.5,0.75,30,-20,3132,5.5,256.84
1.5,0.75,30,0,3132,5.5,263.07
1.5,0.75,30,20,3132,5.5,269.54
1.5,0.75,30,40,3132,5.5,276.15
1.5,0.75,30,-20,5040,5.5,259.02
1.5,0.75,30,0,5040,5.5,265.25
1.5,0.75,30,40,5040,5.5,278.41
1.5,0.75,30,20,1272,7.75,412.79
1.5,0.75,30,40,1272,7.75,419.99
1.5,0.75,30,0,3132,7.75,410.52
1.5,0.75,30,20,3132,7.75,417.16
1.5,0.75,30,40,3132,7.75,424.33
1.5,0.75,30,0,5040,7.75,414.27
1.5,0.75,30,20,5040,7.75,420.92
1.5,0.75,30,0,1272,10,574.97
1.5,0.75,30,20,1272,10,580.27
1.5,0.75,30,40,1272,10,586.59
1.5,0.75,30,20,3132,10,585.96
1.5,0.75,30,40,3132,10,592.33
1.5,0.75,30,0,5040,10,585.93
1.5,0.75,30,40,5040,10,597.38
1.5,1,30,-20,1272,1,21.622
1.5,1,30,20,1272,1,23.673
1.5,1,30,40,1272,1,24.658
1.5,1,30,-20,3132,1,22.418
1.5,1,30,0,3132,1,23.419
1.5,1,30,20,3132,1,24.419
1.5,1,30,40,3132,1,25.408
1.5,1,30,-20,5040,1,23.97
1.5,1,30,0,5040,1,24.961
1.5,1,30,20,5040,1,25.953
1.5,1,30,40,5040,1,26.936
1.5,1,30,-20,1272,3.25,92.726
1.5,1,30,0,1272,3.25,95.213
1.5,1,30,20,3132,3.25,97.886
1.5,1,30,40,3132,3.25,100.44
1.5,1,30,-20,5040,3.25,93.976
1.5,1,30,0,5040,3.25,96.224
1.5,1,30,20,5040,3.25,98.58
1.5,1,30,40,5040,3.25,101.02
1.5,1,30,-20,1272,5.5,184.14
1.5,1,30,0,1272,5.5,187.31
1.5,1,30,20,1272,5.5,190.71
1.5,1,30,40,1272,5.5,194.22
1.5,1,30,-20,3132,5.5,186.38
1.5,1,30,40,3132,5.5,195.97
1.5,1,30,0,5040,5.5,191.31
1.5,1,30,20,5040,5.5,194.36
1.5,1,30,40,5040,5.5,197.54
1.5,1,30,-20,1272,7.75,294.62
1.5,1,30,0,1272,7.75,297.01
1.5,1,30,20,1272,7.75,300.07
1.5,1,30,40,1272,7.75,303.57
1.5,1,30,-20,3132,7.75,298.44
1.5,1,30,0,3132,7.75,300.75
1.5,1,30,20,3132,7.75,303.66
1.5,1,30,40,3132,7.75,307
1.5,1,30,-20,5040,7.75,301.8
1.5,1,30,0,5040,7.75,304.06
1.5,1,30,20,5040,7.75,306.85
1.5,1,30,0,1272,10,425.09
1.5,1,30,20,1272,10,426.54
1.5,1,30,40,1272,10,428.97
1.5,1,30,20,3132,10,431.39
1.5,1,30,40,3132,10,433.68
1.5,1,30,-20,5040,10,434.39
1.5,1,30,0,5040,10,434.58
1.5,1,30,40,5040,10,438
1.5,1,60,0,1272,1,45.565
1.5,1,60,20,1272,1,47.755
1.5,1,60,40,1272,1,49.839
1.5,1,60,-20,3132,1,47.326
1.5,1,60,20,3132,1,52.083
1.5,1,60,40,3132,1,54.364
1.5,1,60,0,5040,1,55.759
1.5,1,60,20,5040,1,58.22
1.5,1,60,40,5040,1,60.614
1.5,1,60,0,1272,3.25,175.86
1.5,1,60,20,1272,3.25,182.43
1.5,1,60,40,1272,3.25,188.75
1.5,1,60,-20,3132,3.25,170.56
1.5,1,60,0,3132,3.25,177.38
1.5,1,60,20,3132,3.25,184.26
1.5,1,60,40,3132,3.25,191.02
1.5,1,60,-20,5040,3.25,174.41
1.5,1,60,0,5040,3.25,181.03
1.5,1,60,20,5040,3.25,187.76
1.5,1,60,40,5040,3.25,194.44
1.5,1,60,0,1272,5.5,330.91
1.5,1,60,20,1272,5.5,340.76
1.5,1,60,40,1272,5.5,350.54
1.5,1,60,-20,3132,5.5,325.94
1.5,1,60,0,3132,5.5,335.63
1.5,1,60,20,3132,5.5,345.52
1.5,1,60,40,3132,5.5,355.39
1.5,1,60,40,5040,5.5,359.75
1.5,1,60,-20,1272,7.75,496.37
1.5,1,60,20,1272,7.75,519.5
1.5,1,60,-20,3132,7.75,505.04
1.5,1,60,0,3132,7.75,516.22
1.5,1,60,20,3132,7.75,527.99
1.5,1,60,40,3132,7.75,539.91
1.5,1,60,-20,5040,7.75,512.67
1.5,1,60,40,5040,7.75,547.16
1.5,1,60,0,1272,10,706.74
1.5,1,60,20,1272,10,719.39
1.5,1,60,-20,3132,10,705.91
1.5,1,60,20,3132,10,730.99
1.5,1,60,40,3132,10,743.82
1.5,1,60,-20,5040,10,716.41
1.5,1,60,0,5040,10,728.84
1.5,1,60,40,5040,10,754.13
1.5,1,90,-20,1272,1,67.77
1.5,1,90,-20,3132,1,78.205
1.5,1,90,0,3132,1,82.217
1.5,1,90,40,3132,1,89.742
1.5,1,90,-20,5040,1,91.981
1.5,1,90,0,5040,1,96.348
1.5,1,90,20,5040,1,100.55
1.5,1,90,0,1272,3.25,263.41
1.5,1,90,20,1272,3.25,273.9
1.5,1,90,0,3132,3.25,270.02
1.5,1,90,20,3132,3.25,281.52
1.5,1,90,40,3132,3.25,292.68
1.5,1,90,0,5040,3.25,280.05
1.5,1,90,40,5040,3.25,303.12
1.5,1,90,-20,1272,5.5,473.1
1.5,1,90,0,1272,5.5,488.05
1.5,1,90,40,1272,5.5,519.89
1.5,1,90,-20,3132,5.5,482.98
1.5,1,90,0,3132,5.5,498.96
1.5,1,90,40,3132,5.5,531.97
1.5,1,90,-20,5040,5.5,493.45
1.5,1,90,0,5040,5.5,509.64
1.5,1,90,20,5040,5.5,526.66
1.5,1,90,40,5040,5.5,543.29
1.5,1,90,-20,1272,7.75,726.16
1.5,1,90,0,1272,7.75,744.28
1.5,1,90,20,1272,7.75,762.68
1.5,1,90,40,1272,7.75,781.6
1.5,1,90,0,3132,7.75,760.72
1.5,1,90,20,3132,7.75,779.73
1.5,1,90,40,3132,7.75,799.26
1.5,1,90,0,5040,7.75,774.96
1.5,1,90,20,5040,7.75,794.45
1.5,1,90,-20,1272,10,1005.6
1.5,1,90,0,1272,10,1028.7
1.5,1,90,-20,3132,10,1027.2
1.5,1,90,0,3132,10,1050.9
1.5,1,90,40,3132,10,1095.5
1.5,1,90,-20,5040,10,1045.8
1.5,1,90,0,5040,10,1070.1
1.5,1,90,20,5040,10,1093.2
1.5,1,90,40,5040,10,1115
1.5,1.25,30,20,1272,1,18.109
1.5,1.25,30,-20,3132,1,17.445
1.5,1.25,30,40,3132,1,19.509
1.5,1.25,30,0,5040,1,19.459
1.5,1.25,30,40,5040,1,20.812
1.5,1.25,30,-20,1272,3.25,74.118
1.5,1.25,30,0,1272,3.25,75.751
1.5,1.25,30,40,1272,3.25,79.157
1.5,1.25,30,-20,3132,3.25,74.55
1.5,1.25,30,20,3132,3.25,77.574
1.5,1.25,30,0,5040,3.25,76.983
1.5,1.25,30,20,5040,3.25,78.401
1.5,1.25,30,40,5040,3.25,79.888
1.5,1.25,30,-20,1272,5.5,150.39
1.5,1.25,30,-20,3132,5.5,152.37
1.5,1.25,30,0,3132,5.5,153.94
1.5,1.25,30,40,3132,5.5,157.66
1.5,1.25,30,-20,5040,5.5,154.27
1.5,1.25,30,0,5040,5.5,155.74
1.5,1.25,30,40,5040,5.5,159.14
1.5,1.25,30,40,1272,7.75,247.48
1.5,1.25,30,0,3132,7.75,247.81
1.5,1.25,30,20,3132,7.75,248.91
1.5,1.25,30,40,3132,7.75,250.44
1.5,1.25,30,-20,5040,7.75,250.25
1.5,1.25,30,0,5040,7.75,250.75
1.5,1.25,30,40,5040,7.75,253.13
1.5,1.25,30,-20,1272,10,354.89
1.5,1.25,30,0,1272,10,353.45
1.5,1.25,30,40,1272,10,353.22
1.5,1.25,30,0,3132,10,357.83
1.5,1.25,30,20,3132,10,357.18
1.5,1.25,30,40,3132,10,357.37
1.5,1.25,30,-20,5040,10,363.37
1.5,1.25,30,0,5040,10,361.8
1.5,1.25,30,20,5040,10,361.08
1.5,1.25,30,40,5040,10,361.16
1.5,1.25,60,-20,1272,1,31.98
1.5,1.25,60,0,1272,1,33.7
1.5,1.25,60,20,1272,1,35.4
1.5,1.25,60,-20,3132,1,35.581
1.5,1.25,60,0,3132,1,37.281
1.5,1.25,60,20,3132,1,38.965
1.5,1.25,60,-20,5040,1,40.385
1.5,1.25,60,20,5040,1,43.891
1.5,1.25,60,40,5040,1,45.603
1.5,1.25,60,20,1272,3.25,136.62
1.5,1.25,60,0,3132,3.25,133.1
1.5,1.25,60,20,3132,3.25,137.5
1.5,1.25,60,40,3132,3.25,142.03
1.5,1.25,60,0,5040,3.25,137.06
1.5,1.25,60,20,5040,3.25,141.15
1.5,1.25,60,0,1272,5.5,252.69
1.5,1.25,60,20,1272,5.5,259.5
1.5,1.25,60,40,1272,5.5,266.3
1.5,1.25,60,-20,3132,5.5,250.14
1.5,1.25,60,0,3132,5.5,256.19
1.5,1.25,60,20,3132,5.5,262.49
1.5,1.25,60,40,3132,5.5,268.86
1.5,1.25,60,-20,5040,5.5,255.61
1.5,1.25,60,20,5040,5.5,266.93
1.5,1.25,60,40,5040,5.5,272.77
1.5,1.25,60,-20,1272,7.75,383.81
1.5,1.25,60,0,1272,7.75,391.48
1.5,1.25,60,20,1272,7.75,399.22
1.5,1.25,60,40,1272,7.75,407.22
1.5,1.25,60,-20,3132,7.75,391.31
1.5,1.25,60,20,3132,7.75,405.66
1.5,1.25,60,-20,5040,7.75,398.65
1.5,1.25,60,0,5040,7.75,405.25
1.5,1.25,60,20,5040,7.75,412.25
1.5,1.25,60,40,5040,7.75,419.52
1.5,1.25,60,-20,1272,10,540.82
1.5,1.25,60,0,1272,10,548.15
1.5,1.25,60,20,1272,10,556.24
1.5,1.25,60,20,3132,10,565.82
1.5,1.25,60,40,3132,10,573.83
1.5,1.25,60,-20,5040,10,561.19
1.5,1.25,60,0,5040,10,567.77
1.5,1.25,60,40,5040,10,582.47
1.5,1.5,30,-20,1272,1,13.886
1.5,1.5,30,0,1272,1,14.456
1.5,1.5,30,40,1272,1,15.614
1.5,1.5,30,0,3132,1,15.22
1.5,1.5,30,20,3132,1,15.747
1.5,1.5,30,-20,5040,1,15.913
1.5,1.5,30,0,5040,1,16.415
1.5,1.5,30,20,5040,1,16.926
1.5,1.5,30,40,5040,1,17.443
1.5,1.5,30,-20,1272,3.25,63.671
1.5,1.5,30,-20,3132,3.25,64.269
1.5,1.5,30,0,3132,3.25,65.23
1.5,1.5,30,20,3132,3.25,66.271
1.5,1.5,30,40,3132,3.25,67.376
1.5,1.5,30,-20,5040,3.25,65.492
1.5,1.5,30,0,5040,3.25,66.31
1.5,1.5,30,40,5040,3.25,68.182
1.5,1.5,30,-20,1272,5.5,131.14
1.5,1.5,30,0,1272,5.5,132.15
1.5,1.5,30,20,1272,5.5,133.39
1.5,1.5,30,-20,3132,5.5,133.16
1.5,1.5,30,0,3132,5.5,133.99
1.5,1.5,30,40,3132,5.5,136.14
1.5,1.5,30,-20,5040,5.5,135.17
1.5,1.5,30,20,5040,5.5,136.73
1.5,1.5,30,40,5040,5.5,137.68
1.5,1.5,30,-20,1272,7.75,214.47
1.5,1.5,30,20,1272,7.75,214.64
1.5,1.5,30,-20,3132,7.75,217.78
1.5,1.5,30,20,3132,7.75,217.68
1.5,1.5,30,40,3132,7.75,218.3
1.5,1.5,30,-20,5040,7.75,220.79
1.5,1.5,30,20,5040,7.75,220.53
1.5,1.5,30,0,1272,10,311.48
1.5,1.5,30,40,1272,10,309.42
1.5,1.5,30,40,3132,10,313.4
1.5,1.5,30,-20,5040,10,322.2
1.5,1.5,30,0,5040,10,319.68
1.5,1.5,60,0,1272,1,28.041
1.5,1.5,60,20,1272,1,29.401
1.5,1.5,60,-20,3132,1,29.868
1.5,1.5,60,20,3132,1,32.514
1.5,1.5,60,40,3132,1,33.821
1.5,1.5,60,0,5040,1,35.382
1.5,1.5,60,20,5040,1,36.738
1.5,1.5,60,40,5040,1,38.08
1.5,1.5,60,-20,1272,3.25,109.27
1.5,1.5,60,0,1272,3.25,112.78
1.5,1.5,60,20,1272,3.25,116.38
1.5,1.5,60,40,1272,3.25,119.99
1.5,1.5,60,-20,3132,3.25,111.08
1.5,1.5,60,0,3132,3.25,114.12
1.5,1.5,60,20,3132,3.25,117.33
1.5,1.5,60,40,3132,3.25,120.66
1.5,1.5,60,-20,5040,3.25,115.23
1.5,1.5,60,0,5040,3.25,117.93
1.5,1.5,60,40,5040,3.25,123.83
1.5,1.5,60,0,1272,5.5,219.29
1.5,1.5,60,-20,3132,5.5,218.4
1.5,1.5,60,0,3132,5.5,222.88
1.5,1.5,60,20,3132,5.5,227.49
1.5,1.5,60,40,3132,5.5,232.05
1.5,1.5,60,20,5040,5.5,231.82
1.5,1.5,60,40,5040,5.5,235.93
1.5,1.5,60,-20,1272,7.75,337.63
1.5,1.5,60,0,1272,7.75,342.94
1.5,1.5,60,20,1272,7.75,348.47
1.5,1.5,60,40,1272,7.75,354.22
1.5,1.5,60,-20,3132,7.75,344.37
1.5,1.5,60,-20,5040,7.75,351.12
1.5,1.5,60,0,5040,7.75,355.79
1.5,1.5,60,20,5040,7.75,360.71
1.5,1.5,60,-20,1272,10,479.18
1.5,1.5,60,-20,3132,10,488.67
1.5,1.5,60,0,3132,10,492.87
1.5,1.5,60,20,3132,10,497.7
1.5,1.5,60,40,3132,10,503.08
1.5,1.5,60,-20,5040,10,497.41
1.5,1.5,60,0,5040,10,501.37
1.5,1.5,60,20,5040,10,505.92
1.75,0.5,60,0,1272,1,115.62
1.75,0.5,60,20,1272,1,120.63
1.75,0.5,60,-20,3132,1,123.01
1.75,0.5,60,40,3132,1,140.65
1.75,0.5,60,-20,5040,1,136.3
1.75,0.5,60,0,5040,1,143.26
1.75,0.5,60,20,5040,1,149.84
1.75,0.5,60,0,1272,3.25,416.61
1.75,0.5,60,40,1272,3.25,448.88
1.75,0.5,60,-20,3132,3.25,413.57
1.75,0.5,60,40,3132,3.25,466.33
1.75,0.5,60,20,5040,3.25,466.8
1.75,0.5,60,40,5040,3.25,483.44
1.75,0.5,60,-20,1272,5.5,721.36
1.75,0.5,60,0,1272,5.5,753.5
1.75,0.5,60,20,1272,5.5,783.73
1.75,0.5,60,-20,3132,5.5,738.24
1.75,0.5,60,0,3132,5.5,771.34
1.75,0.5,60,20,3132,5.5,801.98
1.75,0.5,60,-20,5040,5.5,754.57
1.75,0.5,60,0,5040,5.5,788.62
1.75,0.5,60,40,5040,5.5,848.24
1.75,0.5,60,-20,1272,7.75,1070.6
1.75,0.5,60,0,1272,7.75,1113.3
1.75,0.5,60,20,1272,7.75,1156
1.75,0.5,60,40,1272,7.75,1198
1.75,0.5,60,-20,3132,7.75,1089.4
1.75,0.5,60,20,3132,7.75,1176.3
1.75,0.5,60,-20,5040,7.75,1108.1
1.75,0.5,60,20,5040,7.75,1196.4
1.75,0.5,60,40,5040,7.75,1239.5
1.75,0.5,60,0,1272,10,1502.8
1.75,0.5,60,0,3132,10,1524.5
1.75,0.5,60,40,3132,10,1629.3
1.75,0.5,60,-20,5040,10,1494.5
1.75,0.5,60,0,5040,10,1546.1
1.75,0.5,60,20,5040,10,1599.5
1.75,0.5,90,-20,1272,1,171.65
1.75,0.5,90,0,1272,1,179.6
1.75,0.5,90,40,1272,1,194.57
1.75,0.5,90,0,3132,1,210.91
1.75,0.5,90,40,3132,1,228.8
1.75,0.5,90,-20,5040,1,233.04
1.75,0.5,90,0,5040,1,244.19
1.75,0.5,90,20,5040,1,254.73
1.75,0.5,90,40,5040,1,264.68
1.75,0.5,90,0,1272,3.25,630.5
1.75,0.5,90,-20,3132,3.25,636.71
1.75,0.5,90,0,3132,3.25,666.16
1.75,0.5,90,20,3132,3.25,693.82
1.75,0.5,90,40,3132,3.25,718.72
1.75,0.5,90,20,5040,3.25,731.08
1.75,0.5,90,40,5040,3.25,757.48
1.75,0.5,90,0,1272,5.5,1128.2
1.75,0.5,90,40,1272,5.5,1219.3
1.75,0.5,90,-20,3132,5.5,1114.9
1.75,0.5,90,0,3132,5.5,1167.1
1.75,0.5,90,40,3132,5.5,1260.3
1.75,0.5,90,-20,5040,5.5,1152
1.75,0.5,90,0,5040,5.5,1206.1
1.75,0.5,90,20,5040,5.5,1256.2
1.75,0.5,90,0,1272,7.75,1655.6
1.75,0.5,90,40,1272,7.75,1789.4
1.75,0.5,90,-20,3132,7.75,1627.9
1.75,0.5,90,0,3132,7.75,1697.7
1.75,0.5,90,20,3132,7.75,1766.6
1.75,0.5,90,-20,5040,7.75,1668.4
1.75,0.5,90,0,5040,7.75,1739.7
1.75,0.5,90,20,5040,7.75,1810.2
1.75,0.5,90,40,5040,7.75,1878.7
1.75,0.5,90,20,1272,10,2307.3
1.75,0.5,90,40,1272,10,2389.6
1.75,0.5,90,-20,3132,10,2185.1
1.75,0.5,90,0,3132,10,2268.3
1.75,0.5,90,-20,5040,10,2229.4
1.75,0.5,90,20,5040,10,2400.3
1.75,0.5,90,40,5040,10,2484.5
1.75,0.75,30,0,1272,1,29.862
1.75,0.75,30,-20,3132,1,29.228
1.75,0.75,30,0,3132,1,30.684
1.75,0.75,30,40,3132,1,33.469
1.75,0.75,30,-20,5040,1,30.661
1.75,0.75,30,20,5040,1,33.62
1.75,0.75,30,40,5040,1,35.046
1.75,0.75,30,20,1272,3.25,123.37
1.75,0.75,30,40,1272,3.25,126.83
1.75,0.75,30,-20,3132,3.25,116.59
1.75,0.75,30,0,3132,3.25,120.68
1.75,0.75,30,20,3132,3.25,124.48
1.75,0.75,30,0,5040,3.25,121.22
1.75,0.75,30,20,5040,3.25,125.15
1.75,0.75,30,40,5040,3.25,129.09
1.75,0.75,30,0,1272,5.5,228.68
1.75,0.75,30,20,1272,5.5,234.26
1.75,0.75,30,40,1272,5.5,239.93
1.75,0.75,30,-20,3132,5.5,225.55
1.75,0.75,30,0,3132,5.5,231.02
1.75,0.75,30,40,3132,5.5,242.44
1.75,0.75,30,-20,5040,5.5,227.26
1.75,0.75,30,0,5040,5.5,232.8
1.75,0.75,30,20,5040,5.5,238.54
1.75,0.75,30,40,5040,5.5,244.39
1.75,0.75,30,-20,1272,7.75,351.71
1.75,0.75,30,0,1272,7.75,356.85
1.75,0.75,30,20,1272,7.75,362.68
1.75,0.75,30,40,1272,7.75,368.96
1.75,0.75,30,0,3132,7.75,360.42
1.75,0.75,30,40,3132,7.75,372.52
1.75,0.75,30,0,5040,7.75,363.41
1.75,0.75,30,-20,1272,10,501.69
1.75,0.75,30,0,1272,10,505.19
1.75,0.75,30,20,1272,10,509.8
1.75,0.75,30,40,1272,10,515.47
1.75,0.75,30,-20,3132,10,506.38
1.75,0.75,30,0,3132,10,509.81
1.75,0.75,30,20,3132,10,514.37
1.75,0.75,30,40,3132,10,519.96
1.75,0.75,30,-20,5040,10,510.44
1.75,0.75,30,0,5040,10,513.89
1.75,0.75,30,20,5040,10,518.45
1.75,0.75,30,40,5040,10,524.06
1.75,0.75,90,-20,1272,1,88.015
1.75,0.75,90,0,1272,1,92.238
1.75,0.75,90,20,1272,1,96.273
1.75,0.75,90,40,1272,1,100.09
1.75,0.75,90,0,3132,1,105.63
1.75,0.75,90,40,3132,1,115.3
1.75,0.75,90,-20,5040,1,115.69
1.75,0.75,90,0,5040,1,121.59
1.75,0.75,90,-20,1272,3.25,315.66
1.75,0.75,90,0,1272,3.25,330.29
1.75,0.75,90,20,1272,3.25,343.4
1.75,0.75,90,-20,3132,3.25,327.25
1.75,0.75,90,0,3132,3.25,343.29
1.75,0.75,90,20,3132,3.25,357.99
1.75,0.75,90,40,3132,3.25,372.05
1.75,0.75,90,0,5040,3.25,355.71
1.75,0.75,90,40,5040,3.25,387.03
1.75,0.75,90,0,1272,5.5,593.19
1.75,0.75,90,20,1272,5.5,616.49
1.75,0.75,90,40,1272,5.5,639.23
1.75,0.75,90,0,3132,5.5,610.08
1.75,0.75,90,40,3132,5.5,658.34
1.75,0.75,90,-20,5040,5.5,599.56
1.75,0.75,90,0,5040,5.5,625.31
1.75,0.75,90,40,5040,5.5,675.8
1.75,0.75,90,-20,1272,7.75,854.59
1.75,0.75,90,0,1272,7.75,883.29
1.75,0.75,90,20,1272,7.75,912.87
1.75,0.75,90,-20,3132,7.75,874.36
1.75,0.75,90,20,3132,7.75,934.51
1.75,0.75,90,40,3132,7.75,965.78
1.75,0.75,90,-20,5040,7.75,892.27
1.75,0.75,90,0,5040,7.75,923.08
1.75,0.75,90,20,5040,7.75,954.36
1.75,0.75,90,-20,1272,10,1171.1
1.75,0.75,90,0,1272,10,1204.5
1.75,0.75,90,20,1272,10,1239
1.75,0.75,90,40,1272,10,1272.6
1.75,0.75,90,0,3132,10,1229.1
1.75,0.75,90,20,3132,10,1263.9
1.75,0.75,90,-20,5040,10,1217
1.75,0.75,90,20,5040,10,1287.4
1.75,0.75,90,40,5040,10,1322.4
1.75,1,30,40,1272,1,21.622
1.75,1,30,-20,3132,1,19.48
1.75,1,30,40,3132,1,22.064
1.75,1,30,-20,5040,1,20.633
1.75,1,30,0,5040,1,21.484
1.75,1,30,-20,1272,3.25,82.327
1.75,1,30,0,1272,3.25,84.497
1.75,1,30,20,1272,3.25,86.654
1.75,1,30,40,1272,3.25,88.772
1.75,1,30,0,3132,3.25,84.523
1.75,1,30,20,3132,3.25,86.664
1.75,1,30,40,3132,3.25,88.823
1.75,1,30,-20,5040,3.25,82.928
1.75,1,30,0,5040,3.25,84.919
1.75,1,30,0,1272,5.5,166.57
1.75,1,30,20,1272,5.5,169.44
1.75,1,30,40,1272,5.5,172.4
1.75,1,30,-20,3132,5.5,165.53
1.75,1,30,0,3132,5.5,168.17
1.75,1,30,20,3132,5.5,170.94
1.75,1,30,40,3132,5.5,173.82
1.75,1,30,-20,5040,5.5,166.97
1.75,1,30,-20,1272,7.75,262.59
1.75,1,30,0,1272,7.75,264.6
1.75,1,30,40,1272,7.75,270.11
1.75,1,30,-20,3132,7.75,265.44
1.75,1,30,20,3132,7.75,269.93
1.75,1,30,40,3132,7.75,272.8
1.75,1,30,0,5040,7.75,269.88
1.75,1,30,20,5040,7.75,272.33
1.75,1,30,40,5040,7.75,275.12
1.75,1,30,0,1272,10,378.93
1.75,1,30,20,1272,10,380.17
1.75,1,30,-20,3132,10,382.3
1.75,1,30,0,3132,10,382.72
1.75,1,30,20,3132,10,383.93
1.75,1,30,40,3132,10,385.85
1.75,1,30,-20,5040,10,385.63
1.75,1,30,0,5040,10,386.06
1.75,1,30,20,5040,10,387.25
1.75,1,60,-20,1272,1,36.906
1.75,1,60,20,1272,1,40.694
1.75,1,60,40,1272,1,42.4
1.75,1,60,0,3132,1,41.717
1.75,1,60,20,3132,1,43.698
1.75,1,60,40,3132,1,45.608
1.75,1,60,-20,5040,1,44.052
1.75,1,60,0,5040,1,46.179
1.75,1,60,20,5040,1,48.246
1.75,1,60,-20,1272,3.25,144.44
1.75,1,60,0,1272,3.25,150.33
1.75,1,60,20,1272,3.25,156.11
1.75,1,60,40,1272,3.25,161.66
1.75,1,60,0,3132,3.25,150.56
1.75,1,60,20,3132,3.25,156.63
1.75,1,60,40,3132,3.25,162.61
1.75,1,60,-20,5040,3.25,146.78
1.75,1,60,20,5040,3.25,158.55
1.75,1,60,-20,1272,5.5,274.62
1.75,1,60,0,1272,5.5,282.8
1.75,1,60,20,1272,5.5,291.05
1.75,1,60,40,1272,5.5,299.38
1.75,1,60,-20,3132,5.5,277.11
1.75,1,60,0,3132,5.5,285.43
1.75,1,60,20,3132,5.5,293.87
1.75,1,60,0,5040,5.5,287.99
1.75,1,60,20,5040,5.5,296.39
1.75,1,60,40,5040,5.5,304.97
1.75,1,60,-20,1272,7.75,426.51
1.75,1,60,20,1272,7.75,444.98
1.75,1,60,40,1272,7.75,454.85
1.75,1,60,-20,3132,7.75,432.01
1.75,1,60,-20,5040,7.75,436.3
1.75,1,60,20,5040,7.75,455.17
1.75,1,60,40,5040,7.75,465.21
1.75,1,60,0,1272,10,607.59
1.75,1,60,20,1272,10,618.63
1.75,1,60,-20,3132,10,604.56
1.75,1,60,0,3132,10,615.86
1.75,1,60,20,3132,10,626.78
1.75,1,60,40,3132,10,636.92
1.75,1,60,-20,5040,10,611.48
1.75,1,60,20,5040,10,633.54
1.75,1,60,40,5040,10,643.74
1.75,1,90,0,1272,1,59.711
1.75,1,90,20,1272,1,62.533
1.75,1,90,40,1272,1,65.176
1.75,1,90,-20,3132,1,64.126
1.75,1,90,40,3132,1,73.844
1.75,1,90,-20,5040,1,74.305
1.75,1,90,0,5040,1,77.962
1.75,1,90,40,5040,1,84.847
1.75,1,90,0,1272,3.25,219.35
1.75,1,90,20,1272,3.25,228.6
1.75,1,90,40,1272,3.25,237.4
1.75,1,90,-20,3132,3.25,213.02
1.75,1,90,0,3132,3.25,223.17
1.75,1,90,20,3132,3.25,233.19
1.75,1,90,40,3132,3.25,242.92
1.75,1,90,-20,5040,3.25,219.88
1.75,1,90,0,5040,3.25,229.97
1.75,1,90,20,5040,3.25,240.05
1.75,1,90,40,5040,3.25,249.92
1.75,1,90,-20,1272,5.5,389.75
1.75,1,90,0,1272,5.5,402.84
1.75,1,90,20,1272,5.5,417.22
1.75,1,90,40,1272,5.5,430.98
1.75,1,90,-20,3132,5.5,396.32
1.75,1,90,0,3132,5.5,410.3
1.75,1,90,20,3132,5.5,424.97
1.75,1,90,-20,5040,5.5,403.45
1.75,1,90,20,5040,5.5,432.18
1.75,1,90,20,1272,7.75,627.89
1.75,1,90,40,1272,7.75,644.66
1.75,1,90,-20,3132,7.75,606.18
1.75,1,90,0,3132,7.75,622.96
1.75,1,90,20,3132,7.75,640.05
1.75,1,90,40,3132,7.75,657.43
1.75,1,90,-20,5040,7.75,615.77
1.75,1,90,0,5040,7.75,632.89
1.75,1,90,40,5040,7.75,668.11
1.75,1,90,-20,1272,10,820.1
1.75,1,90,0,1272,10,841.62
1.75,1,90,20,1272,10,862.38
1.75,1,90,40,1272,10,881.75
1.75,1,90,0,3132,10,857.58
1.75,1,90,20,3132,10,878.44
1.75,1,90,40,3132,10,897.88
1.75,1,90,-20,5040,10,849.32
1.75,1,90,20,5040,10,892.14
1.75,1.25,30,0,1272,1,14.582
1.75,1.25,30,20,1272,1,15.192
1.75,1.25,30,-20,3132,1,14.56
1.75,1.25,30,0,3132,1,15.123
1.75,1.25,30,40,3132,1,16.26
1.75,1.25,30,-20,5040,1,15.577
1.75,1.25,30,0,5040,1,16.127
1.75,1.25,30,-20,1272,3.25,62.821
1.75,1.25,30,0,1272,3.25,64.163
1.75,1.25,30,40,1272,3.25,66.971
1.75,1.25,30,0,3132,3.25,64.215
1.75,1.25,30,40,3132,3.25,66.807
1.75,1.25,30,-20,5040,3.25,63.799
1.75,1.25,30,20,5040,3.25,66.027
1.75,1.25,30,40,5040,3.25,67.255
1.75,1.25,30,0,1272,5.5,129.01
1.75,1.25,30,20,1272,5.5,130.68
1.75,1.25,30,-20,3132,5.5,129
1.75,1.25,30,0,3132,5.5,130.33
1.75,1.25,30,20,3132,5.5,131.83
1.75,1.25,30,40,3132,5.5,133.47
1.75,1.25,30,-20,5040,5.5,130.39
1.75,1.25,30,20,5040,5.5,133.03
1.75,1.25,30,40,5040,5.5,134.54
1.75,1.25,30,-20,1272,7.75,206.98
1.75,1.25,30,20,1272,7.75,208.49
1.75,1.25,30,-20,3132,7.75,209.54
1.75,1.25,30,0,3132,7.75,209.98
1.75,1.25,30,20,3132,7.75,210.9
1.75,1.25,30,-20,5040,7.75,211.74
1.75,1.25,30,0,5040,7.75,212.18
1.75,1.25,30,20,5040,7.75,213.04
1.75,1.25,30,40,5040,7.75,214.22
1.75,1.25,30,0,1272,10,299.96
1.75,1.25,30,40,1272,10,299.65
1.75,1.25,30,-20,3132,10,304.92
1.75,1.25,30,0,3132,10,303.36
1.75,1.25,30,20,3132,10,302.75
1.75,1.25,30,-20,5040,10,307.93
1.75,1.25,30,0,5040,10,306.39
1.75,1.25,30,20,5040,10,305.75
1.75,1.25,30,40,5040,10,305.83
1.75,1.25,60,-20,1272,1,26.841
1.75,1.25,60,0,1272,1,28.234
1.75,1.25,60,40,1272,1,30.964
1.75,1.25,60,-20,3132,1,29.475
1.75,1.25,60,0,3132,1,30.849
1.75,1.25,60,20,3132,1,32.211
1.75,1.25,60,40,3132,1,33.554
1.75,1.25,60,-20,5040,1,33.077
1.75,1.25,60,20,5040,1,35.891
1.75,1.25,60,-20,1272,3.25,108.79
1.75,1.25,60,0,1272,3.25,112.51
1.75,1.25,60,40,1272,3.25,120
1.75,1.25,60,-20,3132,3.25,109.81
1.75,1.25,60,0,3132,3.25,113.27
1.75,1.25,60,20,3132,3.25,116.85
1.75,1.25,60,40,3132,3.25,120.53
1.75,1.25,60,20,5040,3.25,119.4
1.75,1.25,60,40,5040,3.25,122.89
1.75,1.25,60,-20,1272,5.5,210.99
1.75,1.25,60,0,1272,5.5,216.36
1.75,1.25,60,40,1272,5.5,227.42
1.75,1.25,60,-20,3132,5.5,213.98
1.75,1.25,60,-20,5040,5.5,217.75
1.75,1.25,60,0,5040,5.5,222.58
1.75,1.25,60,40,5040,5.5,232.58
1.75,1.25,60,0,1272,7.75,336.44
1.75,1.25,60,20,1272,7.75,342.58
1.75,1.25,60,40,1272,7.75,348.96
1.75,1.25,60,0,3132,7.75,341.57
1.75,1.25,60,20,3132,7.75,347.59
1.75,1.25,60,40,3132,7.75,353.84
1.75,1.25,60,0,5040,7.75,346.57
1.75,1.25,60,20,5040,7.75,352.43
1.75,1.25,60,-20,3132,10,475.24
1.75,1.25,60,0,3132,10,480.36
1.75,1.25,60,20,3132,10,486.16
1.75,1.25,60,40,3132,10,492.45
1.75,1.25,60,-20,5040,10,481.92
1.75,1.25,60,0,5040,10,487.05
1.75,1.25,60,20,5040,10,492.75
1.75,1.25,60,40,5040,10,498.93
1.75,1.25,90,0,1272,1,43.145
1.75,1.25,90,20,1272,1,45.359
1.75,1.25,90,-20,3132,1,47.075
1.75,1.25,90,0,3132,1,49.422
1.75,1.25,90,20,3132,1,51.728
1.75,1.25,90,-20,5040,1,55.024
1.75,1.25,90,0,5040,1,57.539
1.75,1.25,90,20,5040,1,60.003
1.75,1.25,90,40,5040,1,62.403
1.75,1.25,90,-20,1272,3.25,155.6
1.75,1.25,90,20,1272,3.25,168.45
1.75,1.25,90,40,1272,3.25,174.79
1.75,1.25,90,-20,3132,3.25,158.75
1.75,1.25,90,0,3132,3.25,164.85
1.75,1.25,90,40,3132,3.25,177.47
1.75,1.25,90,-20,5040,3.25,165.65
1.75,1.25,90,20,5040,3.25,177.4
1.75,1.25,90,-20,1272,5.5,294.06
1.75,1.25,90,0,1272,5.5,303.71
1.75,1.25,90,20,1272,5.5,313.52
1.75,1.25,90,40,1272,5.5,323.26
1.75,1.25,90,-20,3132,5.5,299.89
1.75,1.25,90,0,3132,5.5,309.09
1.75,1.25,90,40,3132,5.5,327.96
1.75,1.25,90,-20,1272,7.75,451.45
1.75,1.25,90,0,1272,7.75,463.28
1.75,1.25,90,40,1272,7.75,487.51
1.75,1.25,90,0,3132,7.75,472.54
1.75,1.25,90,20,3132,7.75,484.34
1.75,1.25,90,40,3132,7.75,496.27
1.75,1.25,90,-20,5040,7.75,470.92
1.75,1.25,90,0,5040,7.75,482.18
1.75,1.25,90,40,5040,7.75,505.15
1.75,1.25,90,-20,1272,10,627.68
1.75,1.25,90,0,1272,10,641.16
1.75,1.25,90,20,1272,10,654.28
1.75,1.25,90,40,1272,10,667.76
1.75,1.25,90,-20,3132,10,641.12
1.75,1.25,90,0,3132,10,654.03
1.75,1.25,90,40,3132,10,680.51
1.75,1.25,90,-20,5040,10,653.43
1.75,1.25,90,20,5040,10,679.06
1.75,1.25,90,40,5040,10,692.25
1.75,1.5,30,0,1272,1,11.817
1.75,1.5,30,40,1272,1,12.736
1.75,1.5,30,-20,3132,1,11.968
1.75,1.5,30,0,3132,1,12.378
1.75,1.5,30,20,3132,1,12.796
1.75,1.5,30,40,3132,1,13.217
1.75,1.5,30,-20,5040,1,12.884
1.75,1.5,30,0,5040,1,13.278
1.75,1.5,30,20,5040,1,13.681
1.75,1.5,30,-20,1272,3.25,52.73
1.75,1.5,30,0,1272,3.25,53.602
1.75,1.5,30,40,1272,3.25,55.528
1.75,1.5,30,0,3132,3.25,53.842
1.75,1.5,30,-20,5040,3.25,54.008
1.75,1.5,30,0,5040,3.25,54.624
1.75,1.5,30,40,5040,3.25,56.064
1.75,1.5,30,0,1272,5.5,109.71
1.75,1.5,30,-20,3132,5.5,110.52
1.75,1.5,30,0,3132,5.5,111.11
1.75,1.5,30,20,3132,5.5,111.86
1.75,1.5,30,40,3132,5.5,112.75
1.75,1.5,30,20,5040,5.5,113.15
1.75,1.5,30,40,5040,5.5,113.91
1.75,1.5,30,-20,1272,7.75,178.89
1.75,1.5,30,20,1272,7.75,178.54
1.75,1.5,30,-20,3132,7.75,181.36
1.75,1.5,30,20,3132,7.75,180.9
1.75,1.5,30,0,5040,7.75,183.1
1.75,1.5,30,20,5040,7.75,183.05
1.75,1.5,30,40,5040,7.75,183.3
1.75,1.5,30,20,1272,10,258.59
1.75,1.5,30,0,3132,10,263.39
1.75,1.5,30,20,3132,10,261.76
1.75,1.5,30,40,3132,10,260.82
1.75,1.5,30,-20,5040,10,268.75
1.75,1.5,30,40,5040,10,263.68
1.75,1.5,60,-20,1272,1,21.584
1.75,1.5,60,0,1272,1,22.648
1.75,1.5,60,20,1272,1,23.708
1.75,1.5,60,40,1272,1,24.754
1.75,1.5,60,-20,3132,1,23.994
1.75,1.5,60,0,3132,1,25.031
1.75,1.5,60,20,3132,1,26.063
1.75,1.5,60,40,3132,1,27.081
1.75,1.5,60,-20,5040,1,27.087
1.75,1.5,60,0,5040,1,28.147
1.75,1.5,60,20,5040,1,29.201
1.75,1.5,60,40,5040,1,30.241
1.75,1.5,60,-20,1272,3.25,88.929
1.75,1.5,60,0,1272,3.25,91.694
1.75,1.5,60,20,1272,3.25,94.516
1.75,1.5,60,40,1272,3.25,97.346
1.75,1.5,60,-20,3132,3.25,90.28
1.75,1.5,60,0,3132,3.25,92.702
1.75,1.5,60,20,3132,3.25,95.213
1.75,1.5,60,40,3132,3.25,97.815
1.75,1.5,60,20,5040,3.25,97.888
1.75,1.5,60,0,1272,5.5,178.98
1.75,1.5,60,40,1272,5.5,186.96
1.75,1.5,60,-20,3132,5.5,178.03
1.75,1.5,60,40,3132,5.5,188.78
1.75,1.5,60,-20,5040,5.5,181.94
1.75,1.5,60,0,5040,5.5,185.15
1.75,1.5,60,20,5040,5.5,188.45
1.75,1.5,60,40,5040,5.5,191.75
1.75,1.5,60,-20,1272,7.75,276.73
1.75,1.5,60,0,1272,7.75,280.57
1.75,1.5,60,20,1272,7.75,284.82
1.75,1.5,60,40,1272,7.75,289.4
1.75,1.5,60,0,3132,7.75,285.41
1.75,1.5,60,40,3132,7.75,293.67
1.75,1.5,60,-20,5040,7.75,286.78
1.75,1.5,60,40,5040,7.75,298.06
1.75,1.5,60,20,1272,10,400.48
1.75,1.5,60,20,3132,10,407.33
1.75,1.5,60,40,3132,10,411.36
1.75,1.5,60,-20,5040,10,407.3
1.75,1.5,60,20,5040,10,413.56
1.75,1.5,60,40,5040,10,417.36
1.75,1.5,90,-20,1272,1,32.741
1.75,1.5,90,0,1272,1,34.492
1.75,1.5,90,20,1272,1,36.227
1.75,1.5,90,40,1272,1,37.928
1.75,1.5,90,0,3132,1,39.846
1.75,1.5,90,20,3132,1,41.605
1.75,1.5,90,40,3132,1,43.335
1.75,1.5,90,0,5040,1,46.597
1.75,1.5,90,20,5040,1,48.464
1.75,1.5,90,40,5040,1,50.295
1.75,1.5,90,-20,1272,3.25,127.45
1.75,1.5,90,-20,3132,3.25,130.57
1.75,1.5,90,0,3132,3.25,134.89
1.75,1.5,90,40,3132,3.25,143.92
1.75,1.5,90,20,5040,3.25,145.08
1.75,1.5,90,40,5040,3.25,149.36
1.75,1.5,90,-20,1272,5.5,245.04
1.75,1.5,90,20,1272,5.5,259.48
1.75,1.5,90,40,1272,5.5,266.62
1.75,1.5,90,-20,3132,5.5,250.1
1.75,1.5,90,0,3132,5.5,256.74
1.75,1.5,90,20,3132,5.5,263.48
1.75,1.5,90,-20,5040,5.5,257.48
1.75,1.5,90,0,5040,5.5,263.64
1.75,1.5,90,40,5040,5.5,276.05
1.75,1.5,90,-20,1272,7.75,380.08
1.75,1.5,90,20,1272,7.75,397.33
1.75,1.5,90,40,1272,7.75,406.14
1.75,1.5,90,-20,3132,7.75,388.06
1.75,1.5,90,40,3132,7.75,413.28
1.75,1.5,90,-20,5040,7.75,396.8
1.75,1.5,90,0,5040,7.75,404.8
1.75,1.5,90,40,5040,7.75,421.06
1.75,1.5,90,-20,1272,10,531.86
1.75,1.5,90,0,1272,10,541.47
1.75,1.5,90,20,1272,10,550.94
1.75,1.5,90,0,5040,10,562.96
1.75,1.5,90,20,5040,10,571.92
1.75,1.5,90,40,5040,10,581.12
2,0.5,30,0,1272,1,52.425
2,0.5,30,20,1272,1,54.65
2,0.5,30,40,1272,1,56.792
2,0.5,30,-20,3132,1,52.677
2,0.5,30,0,3132,1,55.311
2,0.5,30,20,3132,1,57.817
2,0.5,30,40,3132,1,60.207
2,0.5,30,-20,5040,1,55.172
2,0.5,30,0,5040,1,58.03
2,0.5,30,20,5040,1,60.749
2,0.5,30,40,5040,1,63.338
2,0.5,30,0,1272,3.25,198.54
2,0.5,30,20,1272,3.25,205.77
2,0.5,30,40,1272,3.25,212.31
2,0.5,30,0,3132,3.25,202.39
2,0.5,30,20,3132,3.25,209.83
2,0.5,30,40,3132,3.25,216.56
2,0.5,30,-20,5040,3.25,197.32
2,0.5,30,20,5040,3.25,213.5
2,0.5,30,40,5040,3.25,220.52
2,0.5,30,-20,1272,5.5,355.16
2,0.5,30,0,1272,5.5,368.33
2,0.5,30,20,1272,5.5,380.45
2,0.5,30,-20,3132,5.5,359.42
2,0.5,30,20,3132,5.5,384.99
2,0.5,30,40,3132,5.5,396.37
2,0.5,30,-20,5040,5.5,363.39
2,0.5,30,20,5040,5.5,389.31
2,0.5,30,40,5040,5.5,400.9
2,0.5,30,-20,1272,7.75,538.86
2,0.5,30,0,1272,7.75,555.23
2,0.5,30,40,1272,7.75,589.21
2,0.5,30,-20,3132,7.75,543.95
2,0.5,30,0,3132,7.75,560.46
2,0.5,30,40,3132,7.75,594.55
2,0.5,30,-20,5040,7.75,548.9
2,0.5,30,0,5040,7.75,565.5
2,0.5,30,20,5040,7.75,582.78
2,0.5,30,0,1272,10,762.99
2,0.5,30,40,1272,10,802.05
2,0.5,30,-20,3132,10,750.8
2,0.5,30,0,3132,10,769.04
2,0.5,30,20,3132,10,788.42
2,0.5,30,40,3132,10,808.04
2,0.5,30,0,5040,10,774.95
2,0.5,30,20,5040,10,794.33
2,0.5,60,-20,1272,1,101.35
2,0.5,60,20,1272,1,110.78
2,0.5,60,40,1272,1,115.24
2,0.5,60,-20,5040,1,123.09
2,0.5,60,0,5040,1,129.38
2,0.5,60,40,5040,1,141.01
2,0.5,60,0,1272,3.25,383.53
2,0.5,60,-20,3132,3.25,379.87
2,0.5,60,0,3132,3.25,397.36
2,0.5,60,20,3132,3.25,413.5
2,0.5,60,-20,5040,3.25,392.06
2,0.5,60,0,5040,3.25,410.6
2,0.5,60,40,5040,3.25,442.73
2,0.5,60,-20,1272,5.5,663.22
2,0.5,60,0,1272,5.5,693.21
2,0.5,60,20,1272,5.5,720.86
2,0.5,60,0,3132,5.5,708.47
2,0.5,60,40,3132,5.5,762.09
2,0.5,60,-20,5040,5.5,691.87
2,0.5,60,0,5040,5.5,723.41
2,0.5,60,20,5040,5.5,751.76
2,0.5,60,0,1272,7.75,1022.5
2,0.5,60,40,1272,7.75,1101.8
2,0.5,60,-20,3132,7.75,998.16
2,0.5,60,0,3132,7.75,1039.3
2,0.5,60,20,3132,7.75,1079.8
2,0.5,60,40,3132,7.75,1119.4
2,0.5,60,-20,5040,7.75,1014.1
2,0.5,60,0,5040,7.75,1055.8
2,0.5,60,20,5040,7.75,1096.9
2,0.5,60,40,5040,7.75,1137
2,0.5,60,-20,1272,10,1329.3
2,0.5,60,0,1272,10,1377.9
2,0.5,60,20,1272,10,1426.9
2,0.5,60,40,1272,10,1475.4
2,0.5,60,-20,3132,10,1347
2,0.5,60,0,3132,10,1396.4
2,0.5,60,20,3132,10,1445.6
2,0.5,60,40,3132,10,1494.4
2,0.5,60,-20,5040,10,1364.9
2,0.5,60,0,5040,10,1414.6
2,0.5,60,20,5040,10,1464.3
2,0.5,60,40,5040,10,1513.4
2,0.5,90,20,1272,1,172.93
2,0.5,90,40,1272,1,179.82
2,0.5,90,0,3132,1,192.23
2,0.5,90,-20,5040,1,209.78
2,0.5,90,0,5040,1,220.14
2,0.5,90,20,5040,1,229.88
2,0.5,90,-20,1272,3.25,552.3
2,0.5,90,0,1272,3.25,577.95
2,0.5,90,20,1272,3.25,601.67
2,0.5,90,40,1272,3.25,623.54
2,0.5,90,-20,3132,3.25,580.42
2,0.5,90,40,3132,3.25,655.4
2,0.5,90,-20,5040,3.25,608.18
2,0.5,90,0,5040,3.25,637.04
2,0.5,90,40,5040,3.25,687.58
2,0.5,90,-20,1272,5.5,986.08
2,0.5,90,20,1272,5.5,1075.4
2,0.5,90,40,1272,5.5,1116.1
2,0.5,90,20,3132,5.5,1108.5
2,0.5,90,40,3132,5.5,1150.2
2,0.5,90,-20,5040,5.5,1047.5
2,0.5,90,0,5040,5.5,1096.5
2,0.5,90,20,5040,5.5,1141.9
2,0.5,90,40,5040,5.5,1184.9
2,0.5,90,0,1272,7.75,1511.4
2,0.5,90,20,1272,7.75,1575.9
2,0.5,90,40,1272,7.75,1637.8
2,0.5,90,20,3132,7.75,1611.8
2,0.5,90,40,3132,7.75,1674.6
2,0.5,90,-20,5040,7.75,1513.2
2,0.5,90,0,5040,7.75,1581.3
2,0.5,90,20,5040,7.75,1648
2,0.5,90,40,5040,7.75,1711.7
2,0.5,90,-20,3132,10,1975.3
2,0.5,90,0,3132,10,2055.1
2,0.5,90,20,3132,10,2139.7
2,0.5,90,-20,5040,10,2012.3
2,0.5,90,0,5040,10,2093.1
2,0.75,30,-20,1272,1,25.842
2,0.75,30,0,1272,1,27.054
2,0.75,30,40,1272,1,29.308
2,0.75,30,-20,3132,1,26.384
2,0.75,30,0,3132,1,27.716
2,0.75,30,20,3132,1,29.008
2,0.75,30,-20,5040,1,27.537
2,0.75,30,40,5040,1,31.518
2,0.75,30,-20,1272,3.25,104.37
2,0.75,30,0,1272,3.25,107.83
2,0.75,30,40,1272,3.25,114.33
2,0.75,30,-20,3132,3.25,104.94
2,0.75,30,0,3132,3.25,108.56
2,0.75,30,-20,5040,3.25,105.42
2,0.75,30,0,5040,3.25,109.07
2,0.75,30,-20,1272,5.5,200.99
2,0.75,30,0,1272,5.5,205.99
2,0.75,30,20,1272,5.5,211.09
2,0.75,30,40,1272,5.5,216.19
2,0.75,30,-20,3132,5.5,202.93
2,0.75,30,0,3132,5.5,207.92
2,0.75,30,20,3132,5.5,213.05
2,0.75,30,-20,5040,5.5,204.47
2,0.75,30,20,5040,5.5,214.58
2,0.75,30,40,5040,5.5,219.77
2,0.75,30,-20,1272,7.75,315.74
2,0.75,30,20,1272,7.75,326.27
2,0.75,30,-20,3132,7.75,318.85
2,0.75,30,20,3132,7.75,329.28
2,0.75,30,40,3132,7.75,335.13
2,0.75,30,-20,5040,7.75,321.53
2,0.75,30,0,5040,7.75,326.45
2,0.75,30,40,5040,7.75,337.71
2,0.75,30,-20,1272,10,449.26
2,0.75,30,0,1272,10,452.88
2,0.75,30,40,1272,10,463.19
2,0.75,30,0,3132,10,456.86
2,0.75,30,20,3132,10,461.5
2,0.75,30,40,3132,10,466.97
2,0.75,30,-20,5040,10,456.95
2,0.75,30,20,5040,10,465.07
2,0.75,60,-20,1272,1,51.439
2,0.75,60,0,1272,1,53.941
2,0.75,60,-20,3132,1,55.249
2,0.75,60,0,3132,1,58.19
2,0.75,60,40,3132,1,63.666
2,0.75,60,-20,5040,1,60.38
2,0.75,60,0,5040,1,63.546
2,0.75,60,40,5040,1,69.476
2,0.75,60,-20,1272,3.25,192.73
2,0.75,60,0,1272,3.25,200.95
2,0.75,60,20,1272,3.25,208.57
2,0.75,60,-20,3132,3.25,195.94
2,0.75,60,0,3132,3.25,204.85
2,0.75,60,20,3132,3.25,213.29
2,0.75,60,40,3132,3.25,221.48
2,0.75,60,0,5040,3.25,208.29
2,0.75,60,20,5040,3.25,217.27
2,0.75,60,40,5040,3.25,226.03
2,0.75,60,-20,1272,5.5,353.66
2,0.75,60,0,1272,5.5,366.99
2,0.75,60,20,1272,5.5,380.33
2,0.75,60,-20,3132,5.5,359.04
2,0.75,60,0,3132,5.5,372.94
2,0.75,60,20,3132,5.5,386.77
2,0.75,60,40,3132,5.5,400.35
2,0.75,60,-20,5040,5.5,363.53
2,0.75,60,20,5040,5.5,392.1
2,0.75,60,40,5040,5.5,406.14
2,0.75,60,-20,1272,7.75,536.44
2,0.75,60,0,1272,7.75,552.58
2,0.75,60,40,1272,7.75,586.08
2,0.75,60,-20,3132,7.75,544.23
2,0.75,60,0,3132,7.75,560.67
2,0.75,60,20,3132,7.75,577.29
2,0.75,60,40,3132,7.75,594.69
2,0.75,60,-20,5040,7.75,550.79
2,0.75,60,0,5040,7.75,567.57
2,0.75,60,20,5040,7.75,584.53
2,0.75,60,-20,1272,10,742.07
2,0.75,60,-20,3132,10,752.11
2,0.75,60,0,3132,10,769.65
2,0.75,60,20,3132,10,788.19
2,0.75,60,0,5040,10,778.61
2,0.75,60,40,5040,10,816.88
2,0.75,90,-20,1272,1,79.088
2,0.75,90,0,1272,1,82.907
2,0.75,90,40,1272,1,89.996
2,0.75,90,-20,3132,1,89.156
2,0.75,90,0,3132,1,93.827
2,0.75,90,20,3132,1,98.262
2,0.75,90,40,3132,1,102.44
2,0.75,90,-20,5040,1,101.52
2,0.75,90,0,5040,1,106.74
2,0.75,90,40,5040,1,116.34
2,0.75,90,-20,1272,3.25,284.58
2,0.75,90,20,1272,3.25,309.42
2,0.75,90,40,1272,3.25,320.86
2,0.75,90,0,3132,3.25,308.44
2,0.75,90,20,3132,3.25,321.68
2,0.75,90,40,3132,3.25,334.39
2,0.75,90,-20,5040,3.25,303.8
2,0.75,90,0,5040,3.25,318.75
2,0.75,90,20,5040,3.25,333.04
2,0.75,90,40,5040,3.25,346.83
2,0.75,90,-20,1272,5.5,513.35
2,0.75,90,40,1272,5.5,576.61
2,0.75,90,-20,3132,5.5,526.19
2,0.75,90,0,3132,5.5,548.64
2,0.75,90,20,3132,5.5,570.83
2,0.75,90,40,3132,5.5,592.43
2,0.75,90,0,5040,5.5,561.22
2,0.75,90,40,5040,5.5,606.93
2,0.75,90,-20,1272,7.75,768.26
2,0.75,90,20,1272,7.75,822.18
2,0.75,90,40,1272,7.75,850.23
2,0.75,90,0,3132,7.75,812.1
2,0.75,90,20,3132,7.75,840.04
2,0.75,90,40,3132,7.75,868.6
2,0.75,90,20,5040,7.75,856.41
2,0.75,90,40,5040,7.75,885.64
2,0.75,90,-20,1272,10,1050.2
2,0.75,90,0,1272,10,1081.6
2,0.75,90,40,1272,10,1145
2,0.75,90,-20,3132,10,1069.8
2,0.75,90,0,3132,10,1101.8
2,0.75,90,40,3132,10,1166.1
2,0.75,90,0,5040,10,1120.3
2,0.75,90,20,5040,10,1153.5
2,0.75,90,40,5040,10,1185.9
2,1,30,0,1272,1,17.67
2,1,30,20,1272,1,18.422
2,1,30,-20,3132,1,17.176
2,1,30,0,3132,1,17.949
2,1,30,-20,5040,1,18.073
2,1,30,0,5040,1,18.834
2,1,30,-20,1272,3.25,72.7
2,1,30,0,1272,3.25,74.723
2,1,30,20,1272,3.25,76.714
2,1,30,40,1272,3.25,78.617
2,1,30,-20,3132,3.25,72.539
2,1,30,0,3132,3.25,74.557
2,1,30,20,3132,3.25,76.572
2,1,30,0,5040,3.25,74.661
2,1,30,20,5040,3.25,76.616
2,1,30,40,5040,3.25,78.562
2,1,30,-20,1272,5.5,144.67
2,1,30,0,1272,5.5,147.02
2,1,30,20,1272,5.5,149.55
2,1,30,20,3132,5.5,150.59
2,1,30,40,3132,5.5,153.23
2,1,30,20,5040,5.5,151.33
2,1,30,40,5040,5.5,153.92
2,1,30,0,1272,7.75,234.02
2,1,30,-20,3132,7.75,234.65
2,1,30,0,3132,7.75,236.14
2,1,30,20,3132,7.75,238.17
2,1,30,40,3132,7.75,240.6
2,1,30,0,5040,7.75,237.76
2,1,30,20,5040,7.75,239.81
2,1,30,-20,1272,10,335.34
2,1,30,0,1272,10,335.83
2,1,30,20,1272,10,336.69
2,1,30,40,1272,10,338.08
2,1,30,-20,3132,10,338.46
2,1,30,20,3132,10,339.63
2,1,30,40,3132,10,340.96
2,1,30,-20,5040,10,340.99
2,1,30,20,5040,10,342.1
2,1,30,40,5040,10,343.42
2,1,60,-20,1272,1,33.217
2,1,60,20,1272,1,36.489
2,1,60,40,1272,1,38.007
2,1,60,20,3132,1,38.91
2,1,60,40,3132,1,40.585
2,1,60,-20,5040,1,38.934
2,1,60,20,5040,1,42.564
2,1,60,20,1272,3.25,141.43
2,1,60,40,1272,3.25,146.08
2,1,60,-20,3132,3.25,132.03
2,1,60,0,3132,3.25,137.37
2,1,60,20,3132,3.25,142.54
2,1,60,-20,5040,3.25,133.85
2,1,60,0,5040,3.25,139.09
2,1,60,20,5040,3.25,144.25
2,1,60,0,1272,5.5,257.35
2,1,60,20,1272,5.5,264.44
2,1,60,40,3132,5.5,275.21
2,1,60,0,5040,5.5,262.85
2,1,60,40,5040,5.5,277.95
2,1,60,20,1272,7.75,405.49
2,1,60,40,1272,7.75,413.98
2,1,60,-20,3132,7.75,394.71
2,1,60,0,3132,7.75,402.53
2,1,60,20,3132,7.75,410.79
2,1,60,40,3132,7.75,419.45
2,1,60,-20,5040,7.75,398.3
2,1,60,0,5040,7.75,406.48
2,1,60,40,5040,7.75,423.9
2,1,60,-20,1272,10,547.15
2,1,60,20,1272,10,565.16
2,1,60,40,1272,10,573.62
2,1,60,-20,3132,10,554.4
2,1,60,0,3132,10,563.57
2,1,60,20,3132,10,572.27
2,1,60,-20,5040,10,560.05
2,1,60,0,5040,10,569.29
2,1,60,40,5040,10,586.89
2,1,90,-20,1272,1,50.547
2,1,90,0,1272,1,53.219
2,1,90,40,1272,1,58.041
2,1,90,-20,3132,1,56.289
2,1,90,0,3132,1,59.262
2,1,90,20,3132,1,62.107
2,1,90,40,3132,1,64.835
2,1,90,-20,5040,1,64.361
2,1,90,0,5040,1,67.545
2,1,90,20,5040,1,70.611
2,1,90,40,5040,1,73.564
2,1,90,-20,1272,3.25,188.84
2,1,90,0,1272,3.25,197.41
2,1,90,20,1272,3.25,205.7
2,1,90,40,1272,3.25,213.38
2,1,90,0,3132,3.25,200.56
2,1,90,20,3132,3.25,209.45
2,1,90,40,3132,3.25,217.88
2,1,90,0,5040,3.25,205.56
2,1,90,40,5040,3.25,223.11
2,1,90,-20,1272,5.5,350.24
2,1,90,0,1272,5.5,362.31
2,1,90,40,1272,5.5,387.58
2,1,90,0,3132,5.5,368.72
2,1,90,20,3132,5.5,381.96
2,1,90,40,3132,5.5,394.86
2,1,90,-20,5040,5.5,361.51
2,1,90,0,5040,5.5,374.53
2,1,90,20,1272,7.75,564.48
2,1,90,40,1272,7.75,579.52
2,1,90,-20,3132,7.75,543.32
2,1,90,0,3132,7.75,558.8
2,1,90,40,3132,7.75,590.3
2,1,90,20,5040,7.75,583.23
2,1,90,40,5040,7.75,599.27
2,1,90,-20,1272,10,735.92
2,1,90,0,3132,10,769.21
2,1,90,40,3132,10,805.26
2,1,90,0,5040,10,780.12
2,1,90,40,5040,10,816.95
2,1.25,30,-20,1272,1,12.246
2,1.25,30,0,1272,1,12.782
2,1.25,30,20,1272,1,13.32
2,1.25,30,-20,3132,1,12.661
2,1.25,30,20,3132,1,13.653
2,1.25,30,-20,5040,1,13.464
2,1.25,30,40,5040,1,14.911
2,1.25,30,0,1272,3.25,56.588
2,1.25,30,40,1272,3.25,59.037
2,1.25,30,0,3132,3.25,56.454
2,1.25,30,20,3132,3.25,57.561
2,1.25,30,20,5040,3.25,57.863
2,1.25,30,-20,1272,5.5,112.65
2,1.25,30,0,1272,5.5,113.94
2,1.25,30,-20,3132,5.5,113.68
2,1.25,30,20,3132,5.5,116.21
2,1.25,30,40,3132,5.5,117.64
2,1.25,30,-20,5040,5.5,114.66
2,1.25,30,40,5040,5.5,118.35
2,1.25,30,20,1272,7.75,184.19
2,1.25,30,40,1272,7.75,185.45
2,1.25,30,-20,3132,7.75,184.8
2,1.25,30,0,3132,7.75,185.22
2,1.25,30,20,3132,7.75,186.06
2,1.25,30,40,3132,7.75,187.22
2,1.25,30,-20,5040,7.75,186.42
2,1.25,30,0,5040,7.75,186.86
2,1.25,30,20,5040,7.75,187.66
2,1.25,30,-20,1272,10,266.26
2,1.25,30,0,1272,10,264.98
2,1.25,30,20,1272,10,264.51
2,1.25,30,40,1272,10,264.72
2,1.25,30,-20,3132,10,268.99
2,1.25,30,0,3132,10,267.67
2,1.25,30,40,3132,10,267.3
2,1.25,30,-20,5040,10,271.28
2,1.25,30,0,5040,10,269.98
2,1.25,30,20,5040,10,269.48
2,1.25,30,40,5040,10,269.59
2,1.25,60,0,1272,1,24.73
2,1.25,60,20,1272,1,25.933
2,1.25,60,40,1272,1,27.108
2,1.25,60,0,3132,1,26.692
2,1.25,60,20,3132,1,27.872
2,1.25,60,40,3132,1,29.035
2,1.25,60,-20,5040,1,28.339
2,1.25,60,20,5040,1,30.759
2,1.25,60,40,5040,1,31.944
2,1.25,60,-20,1272,3.25,96.387
2,1.25,60,40,1272,3.25,106.17
2,1.25,60,-20,3132,3.25,96.793
2,1.25,60,0,3132,3.25,99.831
2,1.25,60,40,3132,3.25,106.12
2,1.25,60,-20,5040,3.25,98.96
2,1.25,60,0,5040,3.25,101.76
2,1.25,60,20,5040,3.25,104.68
2,1.25,60,40,5040,3.25,107.68
2,1.25,60,40,1272,5.5,201.76
2,1.25,60,-20,3132,5.5,189.71
2,1.25,60,0,3132,5.5,194.15
2,1.25,60,20,3132,5.5,198.69
2,1.25,60,-20,5040,5.5,192.38
2,1.25,60,40,5040,5.5,205.31
2,1.25,60,0,1272,7.75,299.44
2,1.25,60,0,3132,7.75,303.54
2,1.25,60,20,3132,7.75,308.7
2,1.25,60,40,3132,7.75,314.09
2,1.25,60,-20,5040,7.75,302.36
2,1.25,60,20,5040,7.75,312.34
2,1.25,60,-20,1272,10,416.77
2,1.25,60,20,1272,10,426.31
2,1.25,60,40,1272,10,432.04
2,1.25,60,-20,3132,10,422.95
2,1.25,60,0,3132,10,427.49
2,1.25,60,20,3132,10,432.45
2,1.25,60,40,3132,10,437.83
2,1.25,60,-20,5040,10,428.12
2,1.25,60,0,5040,10,432.69
2,1.25,60,40,5040,10,442.95
2,1.25,90,-20,1272,1,36.237
2,1.25,90,20,1272,1,40.098
2,1.25,90,40,1272,1,41.928
2,1.25,90,-20,3132,1,40.92
2,1.25,90,0,3132,1,42.935
2,1.25,90,20,3132,1,44.907
2,1.25,90,40,3132,1,46.83
2,1.25,90,40,5040,1,53.437
2,1.25,90,20,1272,3.25,152.09
2,1.25,90,40,1272,3.25,157.61
2,1.25,90,0,3132,3.25,147.79
2,1.25,90,20,3132,3.25,153.43
2,1.25,90,40,3132,3.25,159.08
2,1.25,90,-20,5040,3.25,147.08
2,1.25,90,0,5040,3.25,152.32
2,1.25,90,20,5040,3.25,157.73
2,1.25,90,40,5040,3.25,163.21
2,1.25,90,-20,1272,5.5,266.81
2,1.25,90,20,1272,5.5,283.76
2,1.25,90,0,3132,5.5,279.05
2,1.25,90,20,3132,5.5,287.59
2,1.25,90,40,3132,5.5,296.02
2,1.25,90,0,5040,5.5,284.06
2,1.25,90,20,5040,5.5,292.35
2,1.25,90,40,5040,5.5,300.49
2,1.25,90,0,1272,7.75,421.54
2,1.25,90,20,1272,7.75,431.67
2,1.25,90,40,1272,7.75,441.97
2,1.25,90,-20,3132,7.75,418.28
2,1.25,90,0,3132,7.75,428.45
2,1.25,90,-20,5040,7.75,424.58
2,1.25,90,20,5040,7.75,445.31
2,1.25,90,40,5040,7.75,455.69
2,1.25,90,0,1272,10,585.17
2,1.25,90,20,1272,10,596.54
2,1.25,90,40,1272,10,607.91
2,1.25,90,-20,3132,10,583.21
2,1.25,90,0,3132,10,594.9
2,1.25,90,20,3132,10,606.48
2,1.25,90,40,3132,10,617.97
2,1.25,90,-20,5040,10,591.52
2,1.25,90,20,5040,10,615.17
2,1.25,90,40,5040,10,626.81
2,1.5,30,-20,1272,1,9.8113
2,1.5,30,0,1272,1,10.195
2,1.5,30,20,1272,1,10.585
2,1.5,30,40,1272,1,10.978
2,1.5,30,-20,3132,1,10.268
2,1.5,30,0,3132,1,10.616
2,1.5,30,20,3132,1,10.97
2,1.5,30,40,3132,1,11.327
2,1.5,30,-20,5040,1,10.993
2,1.5,30,0,5040,1,11.326
2,1.5,30,20,5040,1,11.666
2,1.5,30,0,1272,3.25,46.593
2,1.5,30,20,1272,3.25,47.374
2,1.5,30,20,3132,3.25,47.38
2,1.5,30,40,3132,3.25,48.1
2,1.5,30,0,5040,3.25,47.294
2,1.5,30,20,5040,3.25,47.867
2,1.5,30,40,5040,3.25,48.503
2,1.5,30,0,1272,5.5,95.415
2,1.5,30,20,1272,5.5,96.189
2,1.5,30,-20,3132,5.5,95.966
2,1.5,30,0,3132,5.5,96.5
2,1.5,30,40,3132,5.5,97.93
2,1.5,30,-20,5040,5.5,97.09
2,1.5,30,0,5040,5.5,97.576
2,1.5,30,20,5040,5.5,98.161
2,1.5,30,40,5040,5.5,98.831
2,1.5,30,-20,1272,7.75,155.79
2,1.5,30,0,1272,7.75,155.35
2,1.5,30,20,1272,7.75,155.37
2,1.5,30,40,1272,7.75,155.74
2,1.5,30,-20,3132,7.75,157.66
2,1.5,30,0,3132,7.75,157.24
2,1.5,30,-20,1272,10,228.9
2,1.5,30,20,1272,10,225.21
2,1.5,30,40,1272,10,224.38
2,1.5,30,-20,3132,10,231.44
2,1.5,30,0,3132,10,229.21
2,1.5,30,20,3132,10,227.71
2,1.5,30,40,3132,10,226.83
2,1.5,30,-20,5040,10,233.59
2,1.5,30,20,5040,10,229.93
2,1.5,30,40,5040,10,229.05
2,1.5,60,-20,1272,1,18.804
2,1.5,60,20,1272,1,20.593
2,1.5,60,20,3132,1,22.333
2,1.5,60,-20,5040,1,23.033
2,1.5,60,0,5040,1,23.905
2,1.5,60,20,5040,1,24.776
2,1.5,60,-20,1272,3.25,79.684
2,1.5,60,40,1272,3.25,86.737
2,1.5,60,-20,3132,3.25,80.335
2,1.5,60,20,3132,3.25,84.595
2,1.5,60,40,3132,3.25,86.782
2,1.5,60,40,5040,3.25,88.418
2,1.5,60,-20,1272,5.5,157.67
2,1.5,60,0,1272,5.5,160.9
2,1.5,60,20,1272,5.5,164.2
2,1.5,60,40,1272,5.5,167.59
2,1.5,60,0,3132,5.5,162.59
2,1.5,60,20,3132,5.5,165.77
2,1.5,60,-20,5040,5.5,161.95
2,1.5,60,0,5040,5.5,164.93
2,1.5,60,40,5040,5.5,170.95
2,1.5,60,-20,1272,7.75,250.46
2,1.5,60,0,1272,7.75,253.45
2,1.5,60,20,1272,7.75,256.82
2,1.5,60,-20,3132,7.75,253.7
2,1.5,60,0,3132,7.75,256.83
2,1.5,60,40,3132,7.75,263.82
2,1.5,60,-20,5040,7.75,256.75
2,1.5,60,0,5040,7.75,259.94
2,1.5,60,20,5040,7.75,263.34
2,1.5,60,40,5040,7.75,266.89
2,1.5,60,-20,1272,10,357.78
2,1.5,60,0,1272,10,359.95
2,1.5,60,20,1272,10,362.63
2,1.5,60,40,1272,10,365.81
2,1.5,60,20,3132,10,367.65
2,1.5,60,0,5040,10,369.03
2,1.5,60,40,5040,10,375.09
1.2,0.65,50,10,2240,2.125,172.91
1.2,0.65,50,30,2240,2.125,180.14
1.2,0.65,50,10,3960,2.125,183.75
1.2,0.65,50,30,3960,2.125,191.24
1.2,0.65,50,-10,2240,4.375,363.94
1.2,0.65,50,10,2240,4.375,377.25
1.2,0.65,50,30,2240,4.375,390.4
1.2,0.65,50,-10,3960,4.375,376.44
1.2,0.65,50,10,3960,4.375,389.82
1.2,0.65,50,30,3960,4.375,403.02
1.2,0.65,50,-10,2240,6.625,592.39
1.2,0.65,50,10,2240,6.625,610.19
1.2,0.65,50,10,3960,6.625,624.96
1.2,0.65,50,30,3960,6.625,642.75
1.2,0.65,50,10,2240,8.875,870.36
1.2,0.65,50,-10,3960,8.875,866.94
1.2,0.65,50,10,3960,8.875,887.36
1.2,0.65,70,-10,2240,2.125,227.34
1.2,0.65,70,10,2240,2.125,238.49
1.2,0.65,70,30,2240,2.125,249.35
1.2,0.65,70,-10,3960,2.125,247.12
1.2,0.65,70,10,3960,2.125,258.82
1.2,0.65,70,30,3960,2.125,270.21
1.2,0.65,70,-10,2240,4.375,477.82
1.2,0.65,70,30,2240,4.375,517.68
1.2,0.65,70,30,3960,4.375,540.88
1.2,0.65,70,-10,2240,6.625,760.05
1.2,0.65,70,30,2240,6.625,814.18
1.2,0.65,70,-10,3960,6.625,786.06
1.2,0.65,70,30,3960,6.625,840.22
1.2,0.65,70,-10,2240,8.875,1074.1
1.2,0.65,70,30,2240,8.875,1138.9
1.2,0.65,70,-10,3960,8.875,1103.4
1.2,0.65,70,30,3960,8.875,1167.8
1.2,0.8,50,-10,2240,2.125,131.74
1.2,0.8,50,10,2240,2.125,137.22
1.2,0.8,50,-10,3960,2.125,140.31
1.2,0.8,50,30,3960,2.125,151.35
1.2,0.8,50,-10,2240,4.375,294.83
1.2,0.8,50,10,2240,4.375,304.69
1.2,0.8,50,30,2240,4.375,314.45
1.2,0.8,50,-10,3960,4.375,305.13
1.2,0.8,50,10,3960,4.375,314.96
1.2,0.8,50,-10,2240,6.625,484.4
1.2,0.8,50,10,2240,6.625,497.34
1.2,0.8,50,30,2240,6.625,510.47
1.2,0.8,50,-10,3960,6.625,496.98
1.2,0.8,50,10,3960,6.625,509.72
1.2,0.8,50,30,2240,8.875,729.34
1.2,0.8,50,-10,3960,8.875,714.54
1.2,0.8,50,10,3960,8.875,728.77
1.2,0.8,70,10,2240,2.125,200.07
1.2,0.8,70,30,2240,2.125,208.17
1.2,0.8,70,-10,3960,2.125,207.69
1.2,0.8,70,10,3960,2.125,216.4
1.2,0.8,70,-10,2240,4.375,417.55
1.2,0.8,70,10,2240,4.375,433.27
1.2,0.8,70,30,2240,4.375,448.68
1.2,0.8,70,-10,3960,4.375,435.62
1.2,0.8,70,10,3960,4.375,451.43
1.2,0.8,70,10,2240,6.625,692.59
1.2,0.8,70,30,2240,6.625,714.95
1.2,0.8,70,-10,3960,6.625,692.26
1.2,0.8,70,10,3960,6.625,714.77
1.2,0.8,70,30,3960,6.625,737.08
1.2,0.8,70,-10,2240,8.875,948.69
1.2,0.8,70,10,2240,8.875,976.31
1.2,0.8,70,30,2240,8.875,1004.1
1.2,0.8,70,-10,3960,8.875,974.36
1.2,0.8,70,10,3960,8.875,1001.8
1.2,1,50,-10,2240,2.125,99.368
1.2,1,50,10,2240,2.125,103.14
1.2,1,50,-10,3960,2.125,106.11
1.2,1,50,10,2240,4.375,234.96
1.2,1,50,30,2240,4.375,241.17
1.2,1,50,10,3960,4.375,243.1
1.2,1,50,30,3960,4.375,249.19
1.2,1,50,-10,2240,6.625,383.79
1.2,1,50,30,2240,6.625,399.53
1.2,1,50,-10,3960,6.625,394.08
1.2,1,50,10,3960,6.625,401.44
1.2,1,50,10,2240,8.875,569.67
1.2,1,50,30,2240,8.875,578.62
1.2,1,50,-10,3960,8.875,573.89
1.2,1,50,30,3960,8.875,590.32
1.2,1,70,30,2240,2.125,152.7
1.2,1,70,-10,2240,4.375,309.37
1.2,1,70,10,2240,4.375,319.05
1.2,1,70,30,2240,4.375,329.81
1.2,1,70,-10,3960,4.375,322.89
1.2,1,70,10,3960,4.375,333.58
1.2,1,70,30,3960,4.375,344.22
1.2,1,70,-10,2240,6.625,501.02
1.2,1,70,10,2240,6.625,515.47
1.2,1,70,30,2240,6.625,530.28
1.2,1,70,-10,3960,6.625,518.37
1.2,1,70,10,3960,6.625,532.26
1.2,1,70,30,3960,6.625,546.74
1.2,1,70,-10,2240,8.875,716.1
1.2,1,70,10,2240,8.875,733.15
1.2,1,70,30,2240,8.875,750.87
1.2,1,70,-10,3960,8.875,736.58
1.2,1,70,10,3960,8.875,753.29
1.2,1.3,50,-10,2240,2.125,77.704
1.2,1.3,50,10,2240,2.125,80.338
1.2,1.3,50,30,2240,2.125,82.964
1.2,1.3,50,30,3960,2.125,88.601
1.2,1.3,50,-10,2240,4.375,182.92
1.2,1.3,50,10,2240,4.375,186.89
1.2,1.3,50,-10,3960,4.375,190.18
1.2,1.3,50,10,3960,4.375,193.94
1.2,1.3,50,10,2240,6.625,316.25
1.2,1.3,50,-10,3960,6.625,321.12
1.2,1.3,50,10,3960,6.625,325.14
1.2,1.3,50,30,3960,6.625,329.48
1.2,1.3,50,-10,2240,8.875,462
1.2,1.3,50,10,2240,8.875,466.02
1.2,1.3,50,30,2240,8.875,470.61
1.2,1.3,50,-10,3960,8.875,473.36
1.2,1.3,50,30,3960,8.875,480.92
1.2,1.3,70,-10,2240,2.125,108.87
1.2,1.3,70,10,2240,2.125,112.97
1.2,1.3,70,30,2240,2.125,117.02
1.2,1.3,70,-10,3960,2.125,118.66
1.2,1.3,70,10,3960,2.125,122.86
1.2,1.3,70,30,3960,2.125,127.02
1.2,1.3,70,-10,2240,4.375,247.53
1.2,1.3,70,30,2240,4.375,261.56
1.2,1.3,70,30,3960,4.375,272.28
1.2,1.3,70,-10,2240,6.625,411.73
1.2,1.3,70,30,2240,6.625,430.71
1.2,1.3,70,10,3960,6.625,433.81
1.2,1.3,70,30,3960,6.625,442.98
1.2,1.3,70,-10,2240,8.875,597.68
1.2,1.3,70,30,2240,8.875,619.68
1.2,1.3,70,-10,3960,8.875,613.7
1.2,1.3,70,10,3960,8.875,623.81
1.2,1.3,70,30,3960,8.875,634.54
1.4,0.65,50,-10,2240,2.125,143.97
1.4,0.65,50,10,2240,2.125,150.44
1.4,0.65,50,30,2240,2.125,156.75
1.4,0.65,50,-10,3960,2.125,152.17
1.4,0.65,50,10,3960,2.125,158.85
1.4,0.65,50,-10,2240,4.375,318.76
1.4,0.65,50,10,2240,4.375,330.46
1.4,0.65,50,30,2240,4.375,341.98
1.4,0.65,50,10,3960,4.375,339.87
1.4,0.65,50,30,3960,4.375,351.49
1.4,0.65,50,10,2240,6.625,535.82
1.4,0.65,50,30,2240,6.625,551.65
1.4,0.65,50,10,3960,6.625,546.59
1.4,0.65,50,30,3960,6.625,562.47
1.4,0.65,50,10,2240,8.875,764.13
1.4,0.65,50,30,2240,8.875,783.41
1.4,0.65,50,-10,3960,8.875,758.01
1.4,0.65,50,10,3960,8.875,776.74
1.4,0.65,70,-10,2240,2.125,196.82
1.4,0.65,70,10,2240,2.125,206.51
1.4,0.65,70,30,2240,2.125,215.94
1.4,0.65,70,10,3960,2.125,222.43
1.4,0.65,70,30,3960,2.125,232.29
1.4,0.65,70,-10,2240,4.375,416.6
1.4,0.65,70,10,2240,4.375,434.08
1.4,0.65,70,30,2240,4.375,451.35
1.4,0.65,70,-10,3960,4.375,433.98
1.4,0.65,70,10,3960,4.375,451.76
1.4,0.65,70,30,3960,4.375,469.28
1.4,0.65,70,10,2240,6.625,688.11
1.4,0.65,70,-10,3960,6.625,684
1.4,0.65,70,-10,2240,8.875,938.65
1.4,0.65,70,30,2240,8.875,996.64
1.4,0.65,70,10,3960,8.875,989.66
1.4,0.65,70,30,3960,8.875,1018.7
1.4,0.8,50,-10,2240,2.125,108.43
1.4,0.8,50,30,2240,2.125,117.36
1.4,0.8,50,-10,3960,2.125,114.92
1.4,0.8,50,10,3960,2.125,119.53
1.4,0.8,50,30,3960,2.125,124.05
1.4,0.8,50,-10,2240,4.375,243.64
1.4,0.8,50,10,2240,4.375,251.75
1.4,0.8,50,-10,3960,4.375,251.59
1.4,0.8,50,30,3960,4.375,267.57
1.4,0.8,50,-10,2240,6.625,400.93
1.4,0.8,50,10,2240,6.625,411.63
1.4,0.8,50,30,2240,6.625,422.41
1.4,0.8,50,10,3960,6.625,421.29
1.4,0.8,50,30,3960,6.625,431.88
1.4,0.8,50,-10,2240,8.875,579.75
1.4,0.8,50,10,3960,8.875,602.98
1.4,0.8,50,30,3960,8.875,615.14
1.4,0.8,70,-10,2240,2.125,152.98
1.4,0.8,70,10,2240,2.125,159.9
1.4,0.8,70,-10,3960,2.125,165.04
1.4,0.8,70,10,3960,2.125,172.21
1.4,0.8,70,30,3960,2.125,179.16
1.4,0.8,70,30,2240,4.375,356.01
1.4,0.8,70,-10,3960,4.375,344.11
1.4,0.8,70,10,3960,4.375,357.18
1.4,0.8,70,30,3960,4.375,369.98
1.4,0.8,70,10,2240,6.625,548.16
1.4,0.8,70,30,2240,6.625,566.02
1.4,0.8,70,-10,3960,6.625,546.42
1.4,0.8,70,10,3960,6.625,564.29
1.4,0.8,70,-10,2240,8.875,751.77
1.4,0.8,70,10,2240,8.875,773.56
1.4,0.8,70,-10,3960,8.875,770.74
1.4,0.8,70,10,3960,8.875,792.22
1.4,0.8,70,30,3960,8.875,813.84
1.4,1,50,-10,2240,2.125,80.322
1.4,1,50,10,2240,2.125,83.454
1.4,1,50,30,2240,2.125,86.558
1.4,1,50,-10,3960,2.125,85.494
1.4,1,50,10,3960,2.125,88.663
1.4,1,50,-10,2240,4.375,183.94
1.4,1,50,30,2240,4.375,194.07
1.4,1,50,10,3960,4.375,195.57
1.4,1,50,30,3960,4.375,200.57
1.4,1,50,30,2240,6.625,320.76
1.4,1,50,-10,3960,6.625,316.79
1.4,1,50,-10,2240,8.875,452.17
1.4,1,50,10,2240,8.875,458.58
1.4,1,50,-10,3960,8.875,462.05
1.4,1,50,10,3960,8.875,467.95
1.4,1,50,30,3960,8.875,474.27
1.4,1,70,30,2240,2.125,128.4
1.4,1,70,-10,3960,2.125,128.09
1.4,1,70,-10,3960,4.375,274.08
1.4,1,70,10,3960,4.375,282.99
1.4,1,70,30,3960,4.375,291.88
1.4,1,70,30,2240,6.625,453.81
1.4,1,70,10,3960,6.625,454.36
1.4,1,70,30,3960,6.625,466.51
1.4,1,70,-10,2240,8.875,614.72
1.4,1,70,-10,3960,8.875,630.57
1.4,1.3,50,-10,2240,2.125,62.801
1.4,1.3,50,10,2240,2.125,64.859
1.4,1.3,50,30,2240,2.125,66.913
1.4,1.3,50,30,3960,2.125,71.065
1.4,1.3,50,-10,2240,4.375,149.38
1.4,1.3,50,10,2240,4.375,152.57
1.4,1.3,50,30,2240,4.375,155.81
1.4,1.3,50,10,3960,4.375,157.7
1.4,1.3,50,-10,2240,6.625,254.78
1.4,1.3,50,10,2240,6.625,258.66
1.4,1.3,50,10,3960,6.625,265.28
1.4,1.3,50,-10,2240,8.875,376.79
1.4,1.3,50,10,3960,8.875,388.68
1.4,1.3,50,30,3960,8.875,392.42
1.4,1.3,70,-10,2240,2.125,85.341
1.4,1.3,70,10,2240,2.125,88.539
1.4,1.3,70,30,2240,2.125,91.707
1.4,1.3,70,10,3960,2.125,95.968
1.4,1.3,70,-10,2240,4.375,194.44
1.4,1.3,70,10,2240,4.375,199.64
1.4,1.3,70,10,3960,4.375,208.37
1.4,1.3,70,30,3960,4.375,213.48
1.4,1.3,70,-10,2240,6.625,325.01
1.4,1.3,70,30,2240,6.625,338.47
1.4,1.3,70,-10,3960,6.625,336.06
1.4,1.3,70,10,3960,6.625,342.28
1.4,1.3,70,-10,2240,8.875,473.67
1.4,1.3,70,10,2240,8.875,481.26
1.4,1.3,70,-10,3960,8.875,486.96
1.8,0.65,50,-10,2240,2.125,117.08
1.8,0.65,50,10,2240,2.125,122.53
1.8,0.65,50,30,2240,2.125,127.85
1.8,0.65,50,-10,3960,2.125,122.82
1.8,0.65,50,10,3960,2.125,128.43
1.8,0.65,50,30,3960,2.125,133.91
1.8,0.65,50,30,2240,4.375,278.23
1.8,0.65,50,-10,3960,4.375,265.57
1.8,0.65,50,10,3960,4.375,275.28
1.8,0.65,50,30,3960,4.375,284.85
1.8,0.65,50,-10,2240,6.625,423.87
1.8,0.65,50,10,2240,6.625,436.65
1.8,0.65,50,30,2240,6.625,449.45
1.8,0.65,50,10,3960,6.625,444
1.8,0.65,50,10,2240,8.875,624.01
1.8,0.65,50,30,2240,8.875,639.37
1.8,0.65,50,10,3960,8.875,632.42
1.8,0.65,70,10,2240,2.125,171.94
1.8,0.65,70,30,3960,2.125,191.08
1.8,0.65,70,10,2240,4.375,365.8
1.8,0.65,70,30,2240,4.375,380.3
1.8,0.65,70,-10,3960,4.375,362.71
1.8,0.65,70,-10,2240,6.625,561.84
1.8,0.65,70,10,2240,6.625,581.99
1.8,0.65,70,30,2240,6.625,602.16
1.8,0.65,70,10,3960,6.625,595.31
1.8,0.65,70,-10,2240,8.875,794.01
1.8,0.65,70,30,2240,8.875,844.18
1.8,0.65,70,10,3960,8.875,833.86
1.8,0.65,70,30,3960,8.875,858.94
1.8,0.8,50,-10,2240,2.125,85.788
1.8,0.8,50,10,2240,2.125,89.505
1.8,0.8,50,30,2240,2.125,93.131
1.8,0.8,50,10,3960,2.125,93.952
1.8,0.8,50,30,3960,2.125,97.649
1.8,0.8,50,-10,2240,4.375,192.64
1.8,0.8,50,10,2240,4.375,199.23
1.8,0.8,50,30,2240,4.375,205.74
1.8,0.8,50,10,3960,4.375,204.56
1.8,0.8,50,-10,2240,6.625,317.23
1.8,0.8,50,10,2240,6.625,325.88
1.8,0.8,50,30,2240,6.625,334.51
1.8,0.8,50,10,3960,6.625,332.32
1.8,0.8,50,-10,2240,8.875,458.75
1.8,0.8,50,10,2240,8.875,468.47
1.8,0.8,50,30,2240,8.875,478.46
1.8,0.8,50,-10,3960,8.875,466.39
1.8,0.8,50,10,3960,8.875,476.07
1.8,0.8,50,30,3960,8.875,485.87
1.8,0.8,70,-10,2240,2.125,119.61
1.8,0.8,70,10,2240,2.125,125.09
1.8,0.8,70,30,2240,2.125,130.42
1.8,0.8,70,30,3960,2.125,138.68
1.8,0.8,70,-10,2240,4.375,261.33
1.8,0.8,70,10,2240,4.375,271.46
1.8,0.8,70,30,2240,4.375,281.39
1.8,0.8,70,-10,3960,4.375,270.15
1.8,0.8,70,10,3960,4.375,280.36
1.8,0.8,70,30,3960,4.375,290.37
1.8,0.8,70,10,2240,6.625,436.06
1.8,0.8,70,-10,3960,6.625,432.23
1.8,0.8,70,30,3960,6.625,460.29
1.8,0.8,70,-10,2240,8.875,599.33
1.8,0.8,70,10,2240,8.875,616.52
1.8,0.8,70,30,2240,8.875,634.09
1.8,0.8,70,10,3960,8.875,628.64
1.8,0.8,70,30,3960,8.875,645.98
1.8,1,50,-10,2240,2.125,63.732
1.8,1,50,10,2240,2.125,66.196
1.8,1,50,-10,3960,2.125,67.109
1.8,1,50,10,3960,2.125,69.584
1.8,1,50,10,2240,4.375,151.3
1.8,1,50,30,2240,4.375,155.61
1.8,1,50,-10,3960,4.375,151.24
1.8,1,50,10,3960,4.375,155.44
1.8,1,50,-10,2240,6.625,245.33
1.8,1,50,30,2240,6.625,256.5
1.8,1,50,-10,3960,6.625,250.78
1.8,1,50,10,3960,6.625,256.09
1.8,1,50,30,3960,6.625,261.54
1.8,1,50,-10,2240,8.875,358.24
1.8,1,50,10,2240,8.875,363.92
1.8,1,50,10,3960,8.875,370.28
1.8,1,50,30,3960,8.875,376.26
1.8,1,70,-10,2240,2.125,89.582
1.8,1,70,10,2240,2.125,93.372
1.8,1,70,-10,3960,2.125,95.688
1.8,1,70,30,3960,2.125,103.3
1.8,1,70,-10,2240,4.375,199.25
1.8,1,70,10,2240,4.375,206.33
1.8,1,70,-10,3960,4.375,206.41
1.8,1,70,10,3960,4.375,213.38
1.8,1,70,30,3960,4.375,220.28
1.8,1,70,-10,2240,6.625,324.72
1.8,1,70,10,2240,6.625,334.45
1.8,1,70,30,2240,6.625,344.18
1.8,1,70,30,3960,6.625,352.59
1.8,1,70,30,2240,8.875,488.06
1.8,1,70,-10,3960,8.875,475.46
1.8,1,70,10,3960,8.875,486.64
1.8,1,70,30,3960,8.875,498.11
1.8,1.3,50,-10,2240,2.125,46.875
1.8,1.3,50,10,2240,2.125,48.403
1.8,1.3,50,30,2240,2.125,49.92
1.8,1.3,50,-10,3960,2.125,49.52
1.8,1.3,50,10,3960,2.125,51.023
1.8,1.3,50,-10,2240,4.375,112.07
1.8,1.3,50,10,2240,4.375,114.64
1.8,1.3,50,30,2240,4.375,117.23
1.8,1.3,50,-10,3960,4.375,115.51
1.8,1.3,50,10,3960,4.375,117.88
1.8,1.3,50,30,3960,4.375,120.31
1.8,1.3,50,-10,2240,6.625,190.55
1.8,1.3,50,30,2240,6.625,197.09
1.8,1.3,50,-10,3960,6.625,195.19
1.8,1.3,50,10,3960,6.625,198.08
1.8,1.3,50,30,3960,6.625,201.15
1.8,1.3,50,30,2240,8.875,287.85
1.8,1.3,50,-10,3960,8.875,287.03
1.8,1.3,50,10,3960,8.875,289.77
1.8,1.3,70,10,2240,2.125,64.679
1.8,1.3,70,10,3960,2.125,69.47
1.8,1.3,70,30,3960,2.125,71.848
1.8,1.3,70,-10,2240,4.375,142
1.8,1.3,70,10,2240,4.375,145.83
1.8,1.3,70,-10,3960,4.375,148.16
1.8,1.3,70,30,3960,4.375,155.6
1.8,1.3,70,-10,2240,6.625,237.41
1.8,1.3,70,10,2240,6.625,242.09
1.8,1.3,70,30,2240,6.625,246.93
1.8,1.3,70,-10,3960,6.625,245.23
1.8,1.3,70,10,3960,6.625,249.64
1.8,1.3,70,-10,2240,8.875,347.02
1.8,1.3,70,10,2240,8.875,351.92
1.8,1.3,70,30,2240,8.875,357.17
1.8,1.3,70,-10,3960,8.875,356.47
1.8,1.3,70,30,3960,8.875,365.88
